,uniqueid,salary,games,bats,runs,rbi,hits,doubles,triples,homeruns,walks,strike_outs,weight,height
0,2015ARIahmedni01,508500,134.0,421.0,49.0,34.0,95.0,17.0,6.0,9.0,29.0,81.0,201,74
1,2015ARIanderch01,512500,28.0,48.0,0.0,3.0,5.0,0.0,0.0,0.0,1.0,23.0,210,73
2,2015ARIchafian01,507500,66.0,3.0,0.0,0.0,0.0,0.0,0.0,0.0,0.0,1.0,235,74
3,2015ARIcollmjo01,1400000,44.0,27.0,2.0,1.0,5.0,0.0,0.0,0.0,3.0,9.0,240,75
4,2015ARIcorbipa01,524000,16.0,25.0,1.0,3.0,3.0,0.0,0.0,0.0,3.0,11.0,220,76
5,2015ARIdelarru01,516000,32.0,64.0,3.0,2.0,6.0,0.0,0.0,0.0,0.0,25.0,210,72
6,2015ARIdelgara01,526000,64.0,1.0,0.0,0.0,0.0,0.0,0.0,0.0,0.0,1.0,220,76
7,2015ARIgoldspa01,3100000,159.0,567.0,103.0,110.0,182.0,38.0,2.0,33.0,118.0,151.0,220,75
8,2015ARIgosewtu01,514500,38.0,128.0,9.0,13.0,27.0,6.0,0.0,1.0,8.0,23.0,185,71
9,2015ARIhellije01,4275000,29.0,41.0,3.0,7.0,9.0,0.0,0.0,0.0,2.0,14.0,190,73
10,2015ARIhernada01,2000000,40.0,0.0,0.0,0.0,0.0,0.0,0.0,0.0,0.0,0.0,245,75
11,2015ARIhillaa01,12000000,116.0,313.0,32.0,39.0,72.0,18.0,0.0,6.0,31.0,54.0,200,71
12,2015ARIhudsoda01,800000,64.0,1.0,0.0,0.0,0.0,0.0,0.0,0.0,0.0,1.0,215,75
13,2015ARIinciaen01,513000,132.0,524.0,73.0,45.0,159.0,27.0,5.0,6.0,26.0,58.0,190,71
14,2015ARIlairdge01,1000000,1.0,2.0,0.0,0.0,0.0,0.0,0.0,0.0,0.0,0.0,230,73
15,2015ARIlambja01,508500,107.0,350.0,38.0,34.0,92.0,15.0,5.0,6.0,36.0,97.0,215,75
16,2015ARImarshev01,512000,13.0,0.0,0.0,0.0,0.0,0.0,0.0,0.0,0.0,0.0,235,74
17,2015ARIowingch01,512500,147.0,515.0,59.0,43.0,117.0,27.0,5.0,4.0,26.0,144.0,185,70
18,2015ARIpachejo01,900000,29.0,66.0,8.0,8.0,16.0,0.0,0.0,2.0,9.0,14.0,200,73
19,2015ARIpennicl01,3275000,72.0,135.0,15.0,10.0,32.0,3.0,0.0,1.0,16.0,29.0,200,70
20,2015ARIperalda01,1024000,149.0,462.0,61.0,78.0,144.0,26.0,10.0,17.0,44.0,107.0,210,73
21,2015ARIperezol01,2500000,48.0,0.0,0.0,0.0,0.0,0.0,0.0,0.0,0.0,0.0,225,75
22,2015ARIpolloaj01,519500,157.0,609.0,111.0,76.0,192.0,39.0,6.0,20.0,53.0,89.0,210,73
23,2015ARIreedad01,4875000,38.0,2.0,0.0,0.0,0.0,0.0,0.0,0.0,0.0,0.0,230,76
24,2015ARIreynoma02,600000,18.0,0.0,0.0,0.0,0.0,0.0,0.0,0.0,0.0,0.0,240,77
25,2015ARIstitema01,510500,11.0,0.0,0.0,0.0,0.0,0.0,0.0,0.0,0.0,0.0,205,71
26,2015ARItomasya01,5500000,118.0,406.0,40.0,48.0,111.0,19.0,3.0,9.0,17.0,110.0,260,74
27,2015ARItrumbma01,6900000,46.0,174.0,23.0,23.0,45.0,10.0,3.0,9.0,10.0,39.0,225,76
28,2015ARIzieglbr01,5000000,66.0,0.0,0.0,0.0,0.0,0.0,0.0,0.0,0.0,0.0,220,76
29,2015ATLavilalu01,530000,50.0,0.0,0.0,0.0,0.0,0.0,0.0,0.0,0.0,0.0,220,74
30,2015ATLbethach01,507500,48.0,155.0,16.0,12.0,31.0,8.0,0.0,2.0,5.0,33.0,205,75
31,2015ATLcahiltr01,12000000,15.0,5.0,0.0,0.0,1.0,0.0,0.0,0.0,0.0,2.0,223,76
32,2015ATLcallaal01,3000000,37.0,107.0,12.0,8.0,22.0,2.0,0.0,1.0,14.0,10.0,210,68
34,2015ATLcunnito01,507500,39.0,86.0,13.0,4.0,19.0,4.0,0.0,0.0,5.0,17.0,205,72
35,2015ATLfoltymi01,508750,18.0,28.0,0.0,3.0,2.0,1.0,0.0,0.0,0.0,19.0,195,76
36,2015ATLfreemfr01,8500000,118.0,416.0,62.0,66.0,115.0,27.0,0.0,18.0,56.0,98.0,220,77
37,2015ATLgomesjo01,4000000,83.0,195.0,27.0,22.0,43.0,7.0,0.0,7.0,28.0,67.0,230,73
38,2015ATLgosseph01,507500,20.0,40.0,2.0,2.0,13.0,4.0,0.0,0.0,2.0,5.0,188,73
39,2015ATLgrillja01,4250000,36.0,0.0,0.0,0.0,0.0,0.0,0.0,0.0,0.0,0.0,235,77
40,2015ATLjohnsch05,6000000,56.0,153.0,12.0,11.0,36.0,7.0,0.0,2.0,7.0,49.0,225,75
41,2015ATLjohnsji04,1600000,49.0,0.0,0.0,0.0,0.0,0.0,0.0,0.0,0.0,0.0,250,78
42,2015ATLjohnske05,1500000,62.0,182.0,20.0,34.0,50.0,5.0,0.0,9.0,13.0,43.0,200,73
43,2015ATLmarkani01,11000000,156.0,612.0,73.0,53.0,181.0,38.0,1.0,3.0,70.0,83.0,210,73
44,2015ATLmaybica01,7000000,141.0,505.0,65.0,59.0,135.0,18.0,2.0,10.0,45.0,102.0,215,75
45,2015ATLmillesh01,535000,33.0,56.0,1.0,0.0,3.0,2.0,0.0,0.0,4.0,29.0,225,75
46,2015ATLpeterja01,507500,152.0,528.0,55.0,52.0,126.0,23.0,5.0,6.0,56.0,120.0,215,72
47,2015ATLpierzaj01,2000000,113.0,407.0,38.0,49.0,122.0,24.0,1.0,9.0,19.0,37.0,250,75
48,2015ATLsimmoan01,3000000,147.0,535.0,60.0,44.0,142.0,23.0,2.0,4.0,39.0,48.0,195,74
49,2015ATLteherju01,1000000,33.0,52.0,0.0,2.0,5.0,0.0,0.0,0.0,2.0,9.0,205,74
50,2015ATLterdojo01,507500,28.0,56.0,5.0,4.0,12.0,4.0,1.0,1.0,3.0,14.0,200,73
51,2015ATLwoodal02,520000,20.0,33.0,1.0,4.0,5.0,1.0,0.0,0.0,3.0,21.0,215,76
52,2015ATLyounger03,1000000,35.0,77.0,7.0,5.0,13.0,4.0,2.0,0.0,6.0,17.0,195,70
53,2015BALbrachbr01,523000,62.0,0.0,0.0,0.0,0.0,0.0,0.0,0.0,0.0,0.0,215,78
54,2015BALbrittza01,3200000,64.0,0.0,0.0,0.0,0.0,0.0,0.0,0.0,0.0,0.0,200,73
55,2015BALcabreev01,2400000,29.0,96.0,7.0,4.0,20.0,2.0,0.0,0.0,5.0,22.0,190,70
56,2015BALchenwe02,4750000,31.0,0.0,0.0,0.0,0.0,0.0,0.0,0.0,0.0,0.0,200,72
57,2015BALclevest01,514000,30.0,101.0,11.0,15.0,29.0,4.0,2.0,2.0,4.0,13.0,210,70
58,2015BALdavisch02,12000000,160.0,573.0,100.0,117.0,150.0,31.0,0.0,47.0,84.0,208.0,255,76
59,2015BALdeazaal01,5000000,30.0,103.0,16.0,7.0,22.0,4.0,1.0,3.0,7.0,34.0,195,72
60,2015BALflahery01,1075000,91.0,267.0,34.0,31.0,54.0,8.0,3.0,9.0,26.0,81.0,205,75
61,2015BALgausmke01,522000,25.0,0.0,0.0,0.0,0.0,0.0,0.0,0.0,0.0,0.0,190,74
62,2015BALgonzami03,3275000,26.0,1.0,0.0,0.0,0.0,0.0,0.0,0.0,0.0,0.0,180,73
63,2015BALhardyjj01,11500000,114.0,411.0,45.0,37.0,90.0,14.0,0.0,8.0,20.0,88.0,200,73
64,2015BALhunteto02,4650000,39.0,0.0,0.0,0.0,0.0,0.0,0.0,0.0,0.0,0.0,250,75
65,2015BALjimenub01,12250000,32.0,8.0,0.0,2.0,2.0,0.0,0.0,0.0,0.0,4.0,221,77
66,2015BALjonesad01,13333333,137.0,546.0,74.0,82.0,147.0,25.0,3.0,27.0,24.0,102.0,215,74
67,2015BALjosepca01,515000,100.0,320.0,38.0,49.0,75.0,16.0,1.0,11.0,27.0,72.0,205,75
68,2015BALloughda01,525500,84.0,134.0,14.0,12.0,27.0,1.0,1.0,4.0,5.0,36.0,175,70
69,2015BALmachama01,548000,162.0,633.0,102.0,86.0,181.0,30.0,1.0,35.0,70.0,111.0,218,75
70,2015BALmatusbr01,3200000,58.0,0.0,0.0,0.0,0.0,0.0,0.0,0.0,0.0,0.0,190,77
71,2015BALmcfartj01,519000,30.0,0.0,0.0,0.0,0.0,0.0,0.0,0.0,0.0,0.0,200,75
72,2015BALnorribu01,8800000,18.0,4.0,0.0,0.0,0.0,0.0,0.0,0.0,0.0,1.0,215,72
73,2015BALodayda01,4250000,68.0,0.0,0.0,0.0,0.0,0.0,0.0,0.0,0.0,0.0,220,76
74,2015BALparedji01,515000,104.0,363.0,46.0,42.0,100.0,17.0,2.0,10.0,19.0,111.0,230,75
75,2015BALpearcst01,3700000,92.0,294.0,42.0,40.0,64.0,13.0,1.0,15.0,23.0,69.0,200,71
76,2015BALschoojo01,515000,86.0,305.0,34.0,39.0,85.0,17.0,0.0,15.0,9.0,79.0,247,73
77,2015BALsnidetr01,2100000,69.0,211.0,23.0,20.0,50.0,9.0,2.0,3.0,23.0,56.0,230,72
78,2015BALtillmch01,4315000,31.0,2.0,0.0,0.0,0.0,0.0,0.0,0.0,0.0,2.0,200,77
79,2015BALwietema01,8300000,75.0,258.0,24.0,25.0,69.0,14.0,1.0,8.0,21.0,67.0,235,77
80,2015BALyoungde03,2250000,52.0,174.0,20.0,16.0,47.0,6.0,0.0,2.0,4.0,29.0,240,75
81,2015BOSbarnema01,508500,32.0,0.0,0.0,0.0,0.0,0.0,0.0,0.0,0.0,0.0,208,76
82,2015BOSbettsmo01,514500,145.0,597.0,92.0,77.0,174.0,42.0,8.0,18.0,46.0,82.0,180,69
83,2015BOSbogaexa01,543000,156.0,613.0,84.0,81.0,196.0,35.0,3.0,7.0,32.0,101.0,218,74
84,2015BOSbradlja02,528000,74.0,221.0,43.0,43.0,55.0,17.0,4.0,10.0,27.0,69.0,196,70
85,2015BOSbreslcr01,2000000,45.0,0.0,0.0,0.0,0.0,0.0,0.0,0.0,0.0,0.0,190,72
86,2015BOSbuchhcl01,12000000,18.0,6.0,0.0,0.0,0.0,0.0,0.0,0.0,0.0,2.0,190,75
87,2015BOScastiru01,11271000,80.0,273.0,35.0,29.0,69.0,10.0,2.0,5.0,13.0,54.0,207,69
88,2015BOScecchga01,508500,2.0,4.0,0.0,0.0,0.0,0.0,0.0,0.0,0.0,3.0,220,75
89,2015BOScraigal01,5500000,36.0,79.0,6.0,3.0,12.0,1.0,0.0,1.0,7.0,26.0,215,74
90,2015BOShanigry01,3500000,54.0,174.0,28.0,16.0,43.0,8.0,0.0,2.0,20.0,39.0,225,72
91,2015BOShembrhe01,509500,22.0,0.0,0.0,0.0,0.0,0.0,0.0,0.0,0.0,0.0,220,76
92,2015BOSholtbr01,530500,129.0,454.0,56.0,45.0,127.0,27.0,6.0,2.0,46.0,97.0,180,68
93,2015BOSkellyjo05,603000,25.0,5.0,0.0,1.0,1.0,0.0,0.0,0.0,0.0,2.0,174,73
94,2015BOSlayneto01,557000,64.0,0.0,0.0,0.0,0.0,0.0,0.0,0.0,0.0,0.0,195,74
95,2015BOSleonsa01,510400,41.0,114.0,8.0,3.0,21.0,2.0,0.0,0.0,7.0,28.0,235,70
96,2015BOSmasteju01,9500000,18.0,3.0,0.0,1.0,2.0,0.0,0.0,0.0,0.0,1.0,260,78
97,2015BOSmileywa01,3666000,32.0,2.0,0.0,0.0,0.0,0.0,0.0,0.0,0.0,0.0,220,74
98,2015BOSmujiced01,4750000,11.0,0.0,0.0,0.0,0.0,0.0,0.0,0.0,0.0,0.0,220,75
99,2015BOSnapolmi01,16000000,98.0,329.0,37.0,40.0,68.0,18.0,1.0,13.0,45.0,99.0,225,73
100,2015BOSnavada01,1850000,29.0,66.0,6.0,7.0,10.0,2.0,0.0,0.0,8.0,17.0,195,70
101,2015BOSogandal01,1500000,64.0,0.0,0.0,0.0,0.0,0.0,0.0,0.0,0.0,0.0,200,76
102,2015BOSortizda01,16000000,146.0,528.0,73.0,108.0,144.0,37.0,0.0,37.0,77.0,95.0,230,75
103,2015BOSpedrodu01,12500000,93.0,381.0,46.0,42.0,111.0,19.0,1.0,12.0,38.0,51.0,170,69
104,2015BOSporceri01,12500000,28.0,2.0,0.0,0.0,0.0,0.0,0.0,0.0,0.0,2.0,205,77
105,2015BOSramirha01,19750000,105.0,401.0,59.0,53.0,100.0,12.0,1.0,19.0,21.0,71.0,235,74
106,2015BOSrossro01,566500,54.0,0.0,0.0,0.0,0.0,0.0,0.0,0.0,0.0,0.0,215,71
107,2015BOSsandopa01,17600000,126.0,470.0,43.0,47.0,115.0,25.0,1.0,10.0,25.0,73.0,268,70
108,2015BOStazawju01,2250000,61.0,0.0,0.0,0.0,0.0,0.0,0.0,0.0,0.0,0.0,200,71
109,2015BOSueharko01,9000000,43.0,0.0,0.0,0.0,0.0,0.0,0.0,0.0,0.0,0.0,195,74
110,2015BOSvarvaan01,576500,9.0,0.0,0.0,0.0,0.0,0.0,0.0,0.0,0.0,0.0,190,72
111,2015BOSvictosh01,13000000,33.0,94.0,10.0,4.0,23.0,2.0,0.0,1.0,9.0,14.0,190,69
112,2015BOSwrighst01,510500,16.0,1.0,0.0,0.0,0.0,0.0,0.0,0.0,0.0,0.0,215,74
113,2015CHAabreujo02,8666000,154.0,613.0,88.0,101.0,178.0,34.0,3.0,30.0,39.0,140.0,235,75
114,2015CHAalberma01,1500000,30.0,0.0,0.0,0.0,0.0,0.0,0.0,0.0,0.0,0.0,225,73
115,2015CHAbeckhgo01,2000000,100.0,211.0,24.0,20.0,44.0,8.0,0.0,6.0,19.0,43.0,188,72
116,2015CHAbonifem01,3000000,47.0,78.0,5.0,4.0,13.0,2.0,0.0,0.0,2.0,27.0,200,70
117,2015CHAcabreme01,13000000,158.0,629.0,70.0,77.0,172.0,36.0,2.0,12.0,40.0,88.0,210,70
118,2015CHAdanksjo01,15750000,30.0,0.0,0.0,0.0,0.0,0.0,0.0,0.0,0.0,0.0,210,73
119,2015CHAdrabeky01,518200,3.0,0.0,0.0,0.0,0.0,0.0,0.0,0.0,0.0,0.0,205,74
120,2015CHAdukeza01,4500000,71.0,0.0,0.0,0.0,0.0,0.0,0.0,0.0,0.0,0.0,210,74
121,2015CHAeatonad02,850000,153.0,610.0,98.0,56.0,175.0,28.0,9.0,14.0,58.0,131.0,180,69
122,2015CHAflowety01,2675000,112.0,331.0,21.0,39.0,79.0,12.0,0.0,9.0,21.0,104.0,260,76
123,2015CHAgarciav01,523000,148.0,553.0,66.0,59.0,142.0,17.0,2.0,13.0,36.0,141.0,250,76
124,2015CHAgillaco01,550000,58.0,173.0,10.0,15.0,41.0,11.0,1.0,3.0,9.0,34.0,195,73
125,2015CHAguerrja01,937500,3.0,0.0,0.0,0.0,0.0,0.0,0.0,0.0,0.0,0.0,215,73
126,2015CHAjennida01,523000,53.0,0.0,0.0,0.0,0.0,0.0,0.0,0.0,0.0,0.0,215,75
127,2015CHAjonesna01,660000,19.0,0.0,0.0,0.0,0.0,0.0,0.0,0.0,0.0,0.0,230,77
128,2015CHAlarocad01,12000000,127.0,429.0,41.0,44.0,89.0,21.0,0.0,12.0,49.0,133.0,205,74
129,2015CHAnoesihe01,1950000,10.0,0.0,0.0,0.0,0.0,0.0,0.0,0.0,0.0,0.0,220,76
130,2015CHApetrija01,520000,62.0,0.0,0.0,0.0,0.0,0.0,0.0,0.0,0.0,0.0,218,76
131,2015CHAputnaza01,525000,49.0,0.0,0.0,0.0,0.0,0.0,0.0,0.0,0.0,0.0,220,74
132,2015CHAquintjo01,3400000,32.0,8.0,0.0,0.0,0.0,0.0,0.0,0.0,0.0,5.0,220,73
133,2015CHAramiral03,10000000,154.0,583.0,54.0,62.0,145.0,33.0,0.0,10.0,31.0,68.0,180,74
134,2015CHAroberda08,10000000,60.0,0.0,0.0,0.0,0.0,0.0,0.0,0.0,0.0,0.0,195,71
135,2015CHAsalech01,6000000,31.0,9.0,1.0,0.0,1.0,0.0,0.0,0.0,0.0,4.0,183,78
136,2015CHAsamarje01,9800000,32.0,2.0,0.0,0.0,1.0,0.0,0.0,0.0,0.0,1.0,233,76
137,2015CHAsanchca01,510000,120.0,389.0,40.0,31.0,87.0,23.0,1.0,5.0,19.0,81.0,210,72
138,2015CHAshuckja01,516000,79.0,143.0,15.0,15.0,38.0,8.0,2.0,0.0,16.0,16.0,195,71
139,2015CHAsotoge01,1500000,78.0,187.0,20.0,21.0,41.0,8.0,0.0,9.0,21.0,63.0,225,73
140,2015CHNalcanar01,510000,11.0,26.0,5.0,1.0,2.0,0.0,0.0,0.0,5.0,11.0,170,70
141,2015CHNarrieja01,3630000,33.0,79.0,5.0,2.0,12.0,1.0,1.0,2.0,1.0,45.0,230,76
142,2015CHNbeeleda01,508000,3.0,3.0,0.0,0.0,1.0,1.0,0.0,0.0,0.0,1.0,225,77
143,2015CHNcastiwe01,2100000,24.0,43.0,5.0,5.0,7.0,2.0,0.0,2.0,3.0,12.0,215,70
144,2015CHNcastrst01,6857143,151.0,547.0,52.0,69.0,145.0,23.0,2.0,11.0,21.0,91.0,218,74
145,2015CHNcoghlch01,2505000,148.0,440.0,64.0,41.0,110.0,25.0,6.0,16.0,58.0,94.0,195,72
146,2015CHNcokeph01,2250000,16.0,0.0,0.0,0.0,0.0,0.0,0.0,0.0,0.0,0.0,210,73
147,2015CHNdenorch01,2600000,103.0,212.0,18.0,18.0,57.0,11.0,1.0,3.0,15.0,56.0,195,72
148,2015CHNfowlede01,9500000,156.0,596.0,102.0,46.0,149.0,29.0,8.0,17.0,84.0,154.0,205,77
149,2015CHNgrimmju01,531500,62.0,1.0,0.0,0.0,0.0,0.0,0.0,0.0,0.0,1.0,210,75
150,2015CHNhammeja01,9000000,32.0,65.0,6.0,4.0,11.0,1.0,0.0,0.0,1.0,18.0,225,78
151,2015CHNhendrky01,510000,32.0,60.0,2.0,1.0,3.0,1.0,0.0,0.0,1.0,24.0,190,75
152,2015CHNherrejo03,900000,73.0,126.0,14.0,14.0,29.0,5.0,1.0,2.0,2.0,23.0,180,69
153,2015CHNjacksed01,13000000,23.0,0.0,0.0,0.0,0.0,0.0,0.0,0.0,0.0,0.0,215,74
154,2015CHNlasteto01,513000,33.0,67.0,4.0,11.0,18.0,6.0,0.0,1.0,5.0,7.0,180,71
155,2015CHNlestejo01,20000000,32.0,62.0,6.0,0.0,4.0,0.0,0.0,0.0,3.0,30.0,249,76
156,2015CHNmontemi01,12000000,113.0,347.0,36.0,53.0,86.0,11.0,0.0,15.0,49.0,103.0,221,71
157,2015CHNmotteja01,4500000,57.0,0.0,0.0,0.0,0.0,0.0,0.0,0.0,0.0,0.0,205,72
158,2015CHNoltmi01,520000,6.0,15.0,1.0,1.0,2.0,0.0,0.0,1.0,0.0,6.0,210,74
159,2015CHNramirne01,514500,19.0,0.0,0.0,0.0,0.0,0.0,0.0,0.0,0.0,0.0,215,76
160,2015CHNrizzoan01,5000000,160.0,586.0,94.0,101.0,163.0,38.0,3.0,31.0,78.0,105.0,240,75
161,2015CHNrondohe01,544000,72.0,0.0,0.0,0.0,0.0,0.0,0.0,0.0,0.0,0.0,225,75
162,2015CHNrossda01,2500000,72.0,159.0,6.0,9.0,28.0,9.0,0.0,1.0,20.0,61.0,230,74
163,2015CHNsolerjo01,2666667,101.0,366.0,39.0,47.0,96.0,18.0,1.0,10.0,32.0,121.0,235,76
164,2015CHNstroppe01,2525000,76.0,0.0,0.0,0.0,0.0,0.0,0.0,0.0,0.0,0.0,220,73
165,2015CHNszczuma01,508500,47.0,72.0,5.0,8.0,16.0,5.0,0.0,1.0,6.0,15.0,200,72
166,2015CHNwadats01,4000000,8.0,8.0,1.0,0.0,0.0,0.0,0.0,0.0,1.0,5.0,180,71
167,2015CHNwoodtr01,5686000,60.0,30.0,0.0,2.0,3.0,0.0,0.0,0.0,2.0,16.0,175,71
168,2015CINbadenbu01,1000000,68.0,1.0,0.0,0.0,0.0,0.0,0.0,0.0,0.0,0.0,205,77
169,2015CINbaileho02,10000000,2.0,4.0,0.0,0.0,0.0,0.0,0.0,0.0,0.0,1.0,223,76
170,2015CINboescbr01,1250000,51.0,89.0,4.0,5.0,13.0,2.0,0.0,1.0,4.0,30.0,225,76
171,2015CINbourgja01,522500,68.0,196.0,28.0,14.0,47.0,5.0,2.0,3.0,14.0,33.0,195,69
172,2015CINbruceja01,12000000,157.0,580.0,72.0,87.0,131.0,35.0,4.0,26.0,58.0,145.0,230,75
173,2015CINbyrdma01,8000000,96.0,359.0,46.0,42.0,85.0,13.0,3.0,19.0,23.0,101.0,245,72
174,2015CINchapmar01,8050000,65.0,1.0,1.0,0.0,0.0,0.0,0.0,0.0,0.0,0.0,218,76
175,2015CINcingrto01,525500,35.0,2.0,1.0,1.0,0.0,0.0,0.0,0.0,0.0,1.0,217,76
176,2015CINcozarza01,2350000,53.0,194.0,28.0,28.0,50.0,10.0,1.0,9.0,14.0,29.0,204,72
177,2015CINcuetojo01,10000000,19.0,37.0,1.0,0.0,6.0,0.0,0.0,0.0,1.0,10.0,229,71
178,2015CINdesclan01,507500,31.0,58.0,1.0,3.0,9.0,1.0,0.0,0.0,3.0,33.0,195,74
179,2015CINdiazju03,510000,61.0,0.0,0.0,0.0,0.0,0.0,0.0,0.0,0.0,0.0,315,76
180,2015CINfrazito01,4500000,157.0,619.0,82.0,89.0,158.0,43.0,1.0,35.0,44.0,137.0,215,75
181,2015CINgreggke01,1500000,11.0,0.0,0.0,0.0,0.0,0.0,0.0,0.0,0.0,0.0,245,78
182,2015CINhamilbi02,545000,114.0,412.0,56.0,28.0,93.0,8.0,3.0,4.0,28.0,75.0,160,72
183,2015CINhoovejj01,535000,67.0,0.0,0.0,0.0,0.0,0.0,0.0,0.0,0.0,0.0,240,75
184,2015CINiglesra01,1714286,18.0,30.0,0.0,1.0,2.0,0.0,1.0,0.0,0.0,13.0,190,74
185,2015CINleakemi01,9775000,25.0,52.0,3.0,5.0,7.0,3.0,0.0,1.0,0.0,25.0,165,70
186,2015CINlecursa01,1850000,19.0,1.0,0.0,0.0,0.0,0.0,0.0,0.0,0.0,0.0,210,72
187,2015CINmarquja01,1500000,10.0,16.0,2.0,1.0,3.0,1.0,0.0,0.0,0.0,4.0,220,73
188,2015CINmesorde01,2525000,23.0,45.0,2.0,2.0,8.0,1.0,1.0,0.0,5.0,9.0,229,73
189,2015CINnegrokr01,512500,43.0,93.0,5.0,2.0,13.0,2.0,0.0,0.0,9.0,23.0,190,72
190,2015CINparrama01,3500000,40.0,0.0,0.0,0.0,0.0,0.0,0.0,0.0,0.0,0.0,215,75
191,2015CINpenabr01,1400000,108.0,333.0,17.0,18.0,91.0,17.0,0.0,0.0,29.0,34.0,240,69
192,2015CINphillbr01,12000000,148.0,588.0,69.0,70.0,173.0,19.0,2.0,12.0,27.0,68.0,211,72
193,2015CINschumsk01,2500000,131.0,244.0,23.0,21.0,59.0,20.0,0.0,1.0,23.0,51.0,185,70
194,2015CINvottojo01,14000000,158.0,545.0,95.0,80.0,171.0,33.0,2.0,29.0,143.0,135.0,220,74
195,2015CLEadamsau01,507700,28.0,1.0,0.0,0.0,0.0,0.0,0.0,0.0,0.0,0.0,205,71
196,2015CLEallenco01,547100,70.0,0.0,0.0,0.0,0.0,0.0,0.0,0.0,0.0,0.0,210,73
197,2015CLEatchisc01,900000,23.0,0.0,0.0,0.0,0.0,0.0,0.0,0.0,0.0,0.0,200,74
198,2015CLEavilemi01,3500000,98.0,290.0,37.0,17.0,67.0,10.0,0.0,5.0,20.0,38.0,205,70
199,2015CLEbauertr01,1940000,31.0,6.0,0.0,0.0,1.0,0.0,0.0,0.0,1.0,1.0,205,73
200,2015CLEbournmi01,13500000,95.0,289.0,29.0,19.0,71.0,12.0,1.0,0.0,29.0,76.0,190,71
201,2015CLEbrantmi02,5875000,137.0,529.0,68.0,84.0,164.0,45.0,0.0,15.0,60.0,51.0,209,74
202,2015CLEcarraca01,2337500,30.0,1.0,0.0,0.0,1.0,0.0,0.0,0.0,0.0,0.0,224,76
203,2015CLEchiselo01,2250000,106.0,333.0,38.0,44.0,82.0,19.0,1.0,7.0,23.0,69.0,190,74
204,2015CLEcrockky01,510900,31.0,0.0,0.0,0.0,0.0,0.0,0.0,0.0,0.0,0.0,180,74
205,2015CLEfloydga01,4000000,7.0,0.0,0.0,0.0,0.0,0.0,0.0,0.0,0.0,0.0,245,76
206,2015CLEgomesya01,1000000,95.0,363.0,38.0,45.0,84.0,22.0,0.0,12.0,13.0,104.0,212,74
207,2015CLEhagadni01,517100,36.0,0.0,0.0,0.0,0.0,0.0,0.0,0.0,0.0,0.0,230,77
208,2015CLEhousetj01,511900,4.0,0.0,0.0,0.0,0.0,0.0,0.0,0.0,0.0,0.0,205,73
209,2015CLEkipnija01,4166666,141.0,565.0,86.0,52.0,171.0,43.0,7.0,9.0,57.0,107.0,200,71
210,2015CLEklubeco01,1200000,32.0,6.0,0.0,0.0,0.0,0.0,0.0,0.0,0.0,3.0,215,76
211,2015CLEmcallza01,520400,61.0,0.0,0.0,0.0,0.0,0.0,0.0,0.0,0.0,0.0,240,78
212,2015CLEmossbr01,6500000,94.0,337.0,36.0,50.0,73.0,17.0,1.0,15.0,32.0,106.0,210,73
213,2015CLEmurphda07,6000000,84.0,206.0,22.0,27.0,61.0,12.0,1.0,5.0,16.0,29.0,210,75
214,2015CLEperezro02,508600,70.0,184.0,30.0,21.0,42.0,9.0,1.0,7.0,33.0,64.0,220,71
215,2015CLEraburry01,2500000,82.0,173.0,22.0,29.0,52.0,16.0,1.0,8.0,23.0,44.0,185,72
216,2015CLEramirjo01,511300,97.0,315.0,50.0,27.0,69.0,14.0,3.0,6.0,32.0,39.0,190,69
217,2015CLErzepcma01,2400000,45.0,0.0,0.0,0.0,0.0,0.0,0.0,0.0,0.0,0.0,220,74
218,2015CLEsantaca01,6000000,154.0,550.0,72.0,85.0,127.0,29.0,2.0,19.0,108.0,122.0,215,71
219,2015CLEshawbr01,1550000,74.0,0.0,0.0,0.0,0.0,0.0,0.0,0.0,0.0,0.0,226,73
220,2015CLEswarzan01,900000,10.0,0.0,0.0,0.0,0.0,0.0,0.0,0.0,0.0,0.0,215,76
221,2015CLEswishni01,15000000,30.0,101.0,6.0,8.0,20.0,4.0,0.0,2.0,8.0,24.0,195,72
222,2015CLEtomlijo01,1500000,10.0,0.0,0.0,0.0,0.0,0.0,0.0,0.0,0.0,0.0,190,73
223,2015CLEwalteza01,509600,12.0,30.0,0.0,3.0,4.0,0.0,0.0,0.0,0.0,15.0,210,74
224,2015COLarenano01,512500,157.0,616.0,97.0,130.0,177.0,43.0,4.0,42.0,34.0,110.0,215,74
225,2015COLaxforjo01,2600000,60.0,0.0,0.0,0.0,0.0,0.0,0.0,0.0,0.0,0.0,234,77
226,2015COLbetanra01,1000000,45.0,0.0,0.0,0.0,0.0,0.0,0.0,0.0,0.0,0.0,215,74
227,2015COLblackch02,517500,157.0,614.0,93.0,58.0,176.0,31.0,9.0,17.0,46.0,112.0,221,75
228,2015COLbrothre01,1400000,17.0,0.0,0.0,0.0,0.0,0.0,0.0,0.0,0.0,0.0,205,72
229,2015COLbrownbr02,509500,36.0,0.0,0.0,0.0,0.0,0.0,0.0,0.0,0.0,0.0,205,75
230,2015COLbutleed01,509500,16.0,23.0,0.0,0.0,1.0,0.0,0.0,0.0,0.0,13.0,180,74
231,2015COLdelarjo01,12500000,26.0,48.0,0.0,3.0,3.0,0.0,0.0,0.0,0.0,18.0,215,73
232,2015COLdescada01,1500000,101.0,185.0,22.0,22.0,38.0,3.0,2.0,5.0,20.0,45.0,190,70
233,2015COLdickeco01,512500,65.0,224.0,30.0,31.0,68.0,18.0,2.0,10.0,10.0,56.0,200,73
234,2015COLfriedch01,512500,68.0,3.0,0.0,0.0,0.0,0.0,0.0,0.0,0.0,0.0,222,76
235,2015COLgonzaca01,16000000,153.0,554.0,87.0,97.0,150.0,25.0,2.0,40.0,46.0,133.0,220,73
236,2015COLhawkila01,2250000,24.0,1.0,0.0,0.0,0.0,0.0,0.0,0.0,0.0,1.0,220,77
237,2015COLhundlni01,3100000,103.0,366.0,45.0,43.0,110.0,21.0,5.0,10.0,21.0,76.0,203,72
238,2015COLkendrky01,5500000,27.0,43.0,6.0,2.0,8.0,2.0,0.0,1.0,3.0,16.0,220,75
239,2015COLlemahdj01,517500,150.0,564.0,85.0,61.0,170.0,21.0,5.0,6.0,50.0,107.0,220,76
240,2015COLloganbo02,5500000,60.0,0.0,0.0,0.0,0.0,0.0,0.0,0.0,0.0,0.0,215,77
241,2015COLlylesjo01,2475000,11.0,19.0,0.0,0.0,0.0,0.0,0.0,0.0,0.0,11.0,230,77
242,2015COLmatzety01,509500,6.0,8.0,3.0,0.0,3.0,1.0,0.0,0.0,0.0,1.0,230,75
243,2015COLmckenmi01,1087600,58.0,127.0,20.0,17.0,26.0,7.0,3.0,4.0,22.0,41.0,205,70
244,2015COLmorneju01,6750000,49.0,168.0,19.0,15.0,52.0,10.0,3.0,3.0,13.0,25.0,220,76
245,2015COLottavad01,1300000,10.0,0.0,0.0,0.0,0.0,0.0,0.0,0.0,0.0,0.0,246,77
246,2015COLrosarwi01,2800000,87.0,231.0,22.0,29.0,62.0,14.0,1.0,6.0,8.0,56.0,225,71
247,2015COLstubbdr01,5825000,51.0,102.0,14.0,10.0,22.0,3.0,2.0,5.0,9.0,50.0,205,76
248,2015COLtulowtr01,20000000,87.0,323.0,46.0,53.0,97.0,19.0,0.0,12.0,24.0,72.0,205,75
249,2015DETalbural01,1725000,67.0,0.0,0.0,0.0,0.0,0.0,0.0,0.0,0.0,0.0,195,72
250,2015DETavilaal01,5400000,67.0,178.0,21.0,13.0,34.0,5.0,0.0,4.0,40.0,66.0,228,71
251,2015DETcabremi01,22000000,119.0,429.0,64.0,76.0,145.0,28.0,1.0,18.0,77.0,82.0,267,76
252,2015DETcasteni01,525000,154.0,549.0,42.0,73.0,140.0,33.0,6.0,15.0,39.0,152.0,203,76
253,2015DETcespeyo01,10500000,102.0,403.0,62.0,61.0,118.0,28.0,2.0,18.0,19.0,87.0,225,71
254,2015DETchambjo03,1000000,30.0,0.0,0.0,0.0,0.0,0.0,0.0,0.0,0.0,0.0,245,75
255,2015DETdavisra01,5000000,112.0,341.0,55.0,30.0,88.0,16.0,11.0,8.0,22.0,76.0,195,70
256,2015DETgorzeto01,1000000,48.0,0.0,0.0,0.0,0.0,0.0,0.0,0.0,0.0,0.0,218,75
257,2015DETgosean01,515000,140.0,485.0,73.0,26.0,123.0,24.0,8.0,5.0,45.0,145.0,200,72
258,2015DETgreensh02,515000,18.0,5.0,0.0,0.0,0.0,0.0,0.0,0.0,0.0,5.0,200,76
259,2015DETiglesjo01,1443750,120.0,416.0,44.0,23.0,125.0,17.0,3.0,2.0,25.0,44.0,195,71
260,2015DETkinslia01,16000000,154.0,624.0,94.0,73.0,185.0,35.0,7.0,11.0,43.0,80.0,200,72
261,2015DETkrolia01,515000,33.0,0.0,0.0,0.0,0.0,0.0,0.0,0.0,0.0,0.0,210,73
262,2015DETmartijd02,3000000,158.0,596.0,93.0,102.0,168.0,33.0,2.0,38.0,53.0,178.0,230,75
263,2015DETmartivi01,14000000,120.0,440.0,39.0,64.0,108.0,20.0,0.0,11.0,31.0,52.0,235,74
264,2015DETmccanja02,507500,114.0,401.0,32.0,41.0,106.0,18.0,5.0,7.0,16.0,90.0,220,75
265,2015DETnathajo01,10000000,1.0,0.0,0.0,0.0,0.0,0.0,0.0,0.0,0.0,0.0,230,76
266,2015DETperezhe01,508500,22.0,33.0,1.0,0.0,2.0,0.0,0.0,0.0,1.0,11.0,213,73
267,2015DETpriceda01,19750000,21.0,5.0,0.0,0.0,0.0,0.0,0.0,0.0,0.0,3.0,215,77
268,2015DETrominan01,520000,109.0,184.0,25.0,15.0,47.0,5.0,0.0,2.0,11.0,46.0,190,73
269,2015DETrondobr01,510000,35.0,0.0,0.0,0.0,0.0,0.0,0.0,0.0,0.0,0.0,275,75
270,2015DETsanchan01,16800000,25.0,4.0,0.0,0.0,0.0,0.0,0.0,0.0,0.0,4.0,205,72
271,2015DETsimonal01,5550000,31.0,5.0,0.0,0.0,0.0,0.0,0.0,0.0,0.0,2.0,265,78
272,2015DETsoriajo01,7000000,43.0,0.0,0.0,0.0,0.0,0.0,0.0,0.0,0.0,0.0,205,75
273,2015DETverlaju01,28000000,20.0,0.0,0.0,0.0,0.0,0.0,0.0,0.0,0.0,0.0,235,77
274,2015HOUaltuvjo01,2500000,154.0,638.0,86.0,66.0,200.0,40.0,4.0,15.0,33.0,67.0,166,66
275,2015HOUcarmofa01,2650000,20.0,2.0,1.0,0.0,0.0,0.0,0.0,0.0,1.0,2.0,270,76
276,2015HOUcartech02,4175000,129.0,391.0,50.0,64.0,78.0,17.0,0.0,24.0,57.0,151.0,245,76
277,2015HOUcastrja01,4000000,104.0,337.0,38.0,31.0,71.0,19.0,0.0,11.0,33.0,115.0,215,75
278,2015HOUcongeha01,1075000,73.0,201.0,25.0,33.0,46.0,11.0,0.0,11.0,23.0,63.0,220,74
279,2015HOUdedunsa01,525100,9.0,0.0,0.0,0.0,0.0,0.0,0.0,0.0,0.0,0.0,210,75
280,2015HOUfeldmsc01,10000000,18.0,2.0,0.0,0.0,1.0,0.0,0.0,0.0,0.0,1.0,225,78
281,2015HOUfieldjo03,516700,54.0,0.0,0.0,0.0,0.0,0.0,0.0,0.0,0.0,0.0,191,72
282,2015HOUgattiev01,526500,153.0,566.0,66.0,88.0,139.0,20.0,11.0,27.0,30.0,119.0,270,76
283,2015HOUgonzama01,1062500,120.0,344.0,44.0,34.0,96.0,18.0,1.0,12.0,16.0,74.0,205,73
284,2015HOUgregelu01,6000000,64.0,0.0,0.0,0.0,0.0,0.0,0.0,0.0,0.0,0.0,205,75
285,2015HOUgrossro01,515000,24.0,49.0,7.0,5.0,7.0,2.0,0.0,1.0,5.0,17.0,209,72
286,2015HOUharriwi02,513900,68.0,1.0,0.0,0.0,0.0,0.0,0.0,0.0,0.0,1.0,236,76
287,2015HOUkeuchda01,524500,33.0,5.0,0.0,0.0,1.0,0.0,0.0,0.0,0.0,4.0,205,74
288,2015HOUlowrije01,8000000,69.0,230.0,35.0,30.0,51.0,14.0,0.0,9.0,28.0,43.0,180,72
289,2015HOUmarisja01,511200,133.0,339.0,46.0,36.0,80.0,15.0,4.0,9.0,18.0,105.0,220,76
290,2015HOUmchugco01,516300,32.0,8.0,1.0,0.0,1.0,0.0,0.0,0.0,0.0,4.0,191,74
291,2015HOUneshepa01,5500000,66.0,0.0,0.0,0.0,0.0,0.0,0.0,0.0,0.0,0.0,220,75
292,2015HOUoberhbr01,515800,8.0,0.0,0.0,0.0,0.0,0.0,0.0,0.0,1.0,0.0,225,73
293,2015HOUpeacobr01,515800,1.0,0.0,0.0,0.0,0.0,0.0,0.0,0.0,0.0,0.0,207,73
294,2015HOUpreslal01,1000000,8.0,12.0,1.0,1.0,3.0,0.0,0.0,0.0,1.0,5.0,195,70
295,2015HOUquallch01,3000000,60.0,0.0,0.0,0.0,0.0,0.0,0.0,0.0,0.0,0.0,235,76
296,2015HOUrasmuco01,8000000,137.0,432.0,67.0,61.0,103.0,23.0,2.0,25.0,47.0,154.0,195,74
297,2015HOUsingljo02,2000000,19.0,47.0,6.0,6.0,9.0,2.0,0.0,1.0,10.0,17.0,230,74
298,2015HOUsippto01,2400000,60.0,0.0,0.0,0.0,0.0,0.0,0.0,0.0,0.0,0.0,190,72
299,2015HOUspringe01,512900,102.0,388.0,59.0,41.0,107.0,19.0,2.0,16.0,50.0,109.0,221,75
300,2015HOUthatcjo01,1000000,43.0,0.0,0.0,0.0,0.0,0.0,0.0,0.0,0.0,0.0,230,74
301,2015HOUvalbulu01,4200000,132.0,434.0,62.0,56.0,97.0,18.0,0.0,25.0,50.0,106.0,215,70
302,2015KCAcainlo01,2725000,140.0,551.0,101.0,72.0,169.0,34.0,6.0,16.0,37.0,98.0,214,74
303,2015KCAcolemlo01,725000,4.0,0.0,0.0,0.0,0.0,0.0,0.0,0.0,0.0,0.0,205,76
304,2015KCAcolonch01,509525,43.0,107.0,8.0,6.0,31.0,5.0,0.0,0.0,11.0,17.0,215,70
305,2015KCAdaviswa01,7000000,69.0,0.0,0.0,0.0,0.0,0.0,0.0,0.0,0.0,0.0,225,77
306,2015KCAduffyda01,2425000,30.0,0.0,0.0,0.0,0.0,0.0,0.0,0.0,0.0,0.0,205,75
307,2015KCAdysonja01,1225000,90.0,200.0,31.0,18.0,50.0,8.0,6.0,2.0,14.0,37.0,165,69
308,2015KCAescobal02,3000000,148.0,612.0,76.0,47.0,157.0,20.0,5.0,3.0,26.0,75.0,205,73
309,2015KCAfrasoja01,1250000,26.0,0.0,0.0,0.0,0.0,0.0,0.0,0.0,0.0,0.0,180,69
310,2015KCAgordoal01,12500000,104.0,354.0,40.0,48.0,96.0,18.0,0.0,13.0,49.0,92.0,220,73
311,2015KCAguthrje01,9000000,30.0,4.0,0.0,0.0,1.0,0.0,0.0,0.0,0.0,0.0,205,73
312,2015KCAherreke01,1600000,72.0,0.0,0.0,0.0,0.0,0.0,0.0,0.0,0.0,0.0,220,70
313,2015KCAhochelu01,4000000,50.0,0.0,0.0,0.0,0.0,0.0,0.0,0.0,0.0,0.0,225,77
314,2015KCAhollagr01,8250000,48.0,0.0,0.0,0.0,0.0,0.0,0.0,0.0,0.0,0.0,210,70
315,2015KCAhosmeer01,5650000,158.0,599.0,98.0,93.0,178.0,33.0,5.0,18.0,61.0,108.0,226,76
316,2015KCAinfanom01,7500000,124.0,440.0,39.0,44.0,97.0,23.0,7.0,2.0,9.0,69.0,195,71
317,2015KCAkratzer01,532500,4.0,4.0,0.0,1.0,0.0,0.0,0.0,0.0,0.0,2.0,250,76
318,2015KCAmadsory01,850000,68.0,0.0,0.0,0.0,0.0,0.0,0.0,0.0,0.0,0.0,234,78
319,2015KCAmedlekr01,2000000,15.0,0.0,1.0,0.0,0.0,0.0,0.0,0.0,0.0,0.0,190,70
320,2015KCAmoralfr01,1850000,67.0,0.0,0.0,0.0,0.0,0.0,0.0,0.0,0.0,0.0,210,73
321,2015KCAmoralke01,6500000,158.0,569.0,81.0,106.0,165.0,41.0,2.0,22.0,58.0,103.0,242,73
322,2015KCAmoustmi01,2640000,147.0,549.0,73.0,82.0,156.0,34.0,1.0,22.0,43.0,76.0,225,72
323,2015KCAperezsa02,1750000,142.0,531.0,52.0,70.0,138.0,25.0,0.0,21.0,13.0,82.0,255,75
324,2015KCAriosal01,11000000,105.0,385.0,40.0,32.0,98.0,22.0,2.0,4.0,15.0,67.0,210,77
325,2015KCAvargaja01,8500000,9.0,0.0,0.0,0.0,0.0,0.0,0.0,0.0,0.0,0.0,215,72
326,2015KCAventuyo01,950000,28.0,6.0,0.0,0.0,0.0,0.0,0.0,0.0,0.0,5.0,195,72
327,2015KCAvolqued01,7500000,34.0,6.0,0.0,0.0,0.0,0.0,0.0,0.0,0.0,4.0,220,72
328,2015KCAyoungch03,675000,34.0,4.0,0.0,3.0,2.0,0.0,0.0,0.0,0.0,1.0,255,82
329,2015LAAalvarjo02,509500,64.0,0.0,0.0,0.0,0.0,0.0,0.0,0.0,0.0,0.0,195,71
330,2015LAAaybarer01,8500000,156.0,597.0,74.0,44.0,161.0,30.0,1.0,3.0,25.0,73.0,195,70
331,2015LAAbuterdr01,987500,10.0,21.0,3.0,0.0,4.0,0.0,0.0,0.0,0.0,2.0,212,73
332,2015LAAcalhoko01,537500,159.0,630.0,78.0,83.0,161.0,23.0,2.0,26.0,45.0,164.0,205,70
333,2015LAAcowgico01,995000,55.0,69.0,10.0,2.0,13.0,2.0,1.0,1.0,4.0,19.0,190,69
334,2015LAAcroncj01,512500,113.0,378.0,37.0,51.0,99.0,17.0,1.0,16.0,17.0,82.0,235,76
335,2015LAAfreesda01,6425000,121.0,424.0,53.0,56.0,109.0,27.0,0.0,14.0,31.0,107.0,213,74
336,2015LAAgiavojo01,516250,129.0,453.0,51.0,49.0,123.0,25.0,5.0,4.0,32.0,59.0,185,68
337,2015LAAiannech01,5525000,92.0,272.0,28.0,34.0,51.0,10.0,0.0,10.0,41.0,83.0,230,72
338,2015LAAjoycema01,4750000,93.0,247.0,17.0,21.0,43.0,12.0,1.0,5.0,30.0,67.0,194,74
339,2015LAAmorinmi01,514000,47.0,0.0,0.0,0.0,0.0,0.0,0.0,0.0,0.0,0.0,220,76
340,2015LAAnavaref01,511000,54.0,83.0,9.0,5.0,21.0,4.0,0.0,0.0,5.0,16.0,210,72
341,2015LAAnieuwki01,525415,10.0,22.0,4.0,1.0,3.0,2.0,0.0,0.0,2.0,9.0,225,75
342,2015LAApestavi01,1150000,19.0,0.0,0.0,0.0,0.0,0.0,0.0,0.0,0.0,0.0,210,72
343,2015LAApujolal01,24000000,157.0,602.0,85.0,95.0,147.0,22.0,0.0,40.0,50.0,72.0,235,75
344,2015LAAramosce01,1312000,65.0,0.0,0.0,0.0,0.0,0.0,0.0,0.0,0.0,0.0,200,74
345,2015LAArasmuco02,513000,16.0,1.0,0.0,0.0,0.0,0.0,0.0,0.0,0.0,0.0,200,72
346,2015LAArichaga01,3200000,32.0,0.0,0.0,0.0,0.0,0.0,0.0,0.0,0.0,0.0,210,74
347,2015LAAroberda09,511250,37.0,75.0,10.0,7.0,21.0,2.0,0.0,0.0,2.0,7.0,200,71
348,2015LAAsalasfe01,1370000,72.0,0.0,0.0,0.0,0.0,0.0,0.0,0.0,0.0,0.0,200,74
349,2015LAAsantihe01,2290000,33.0,5.0,0.0,0.0,1.0,0.0,0.0,0.0,0.0,3.0,215,72
350,2015LAAshoemma01,517500,25.0,1.0,0.0,0.0,0.0,0.0,0.0,0.0,1.0,0.0,225,74
351,2015LAAsmithjo05,5250000,70.0,0.0,0.0,0.0,0.0,0.0,0.0,0.0,0.0,0.0,211,74
352,2015LAAstreehu01,7000000,62.0,0.0,0.0,0.0,0.0,0.0,0.0,0.0,0.0,0.0,205,72
353,2015LAAtroutmi01,6083000,159.0,575.0,104.0,90.0,172.0,32.0,6.0,41.0,92.0,158.0,235,74
354,2015LAAweaveje02,18000000,26.0,2.0,0.0,0.0,0.0,0.0,0.0,0.0,0.0,1.0,210,79
355,2015LAAwilsocj01,18000000,21.0,6.0,0.0,0.0,2.0,0.0,0.0,0.0,0.0,1.0,210,73
356,2015LANanderbr04,10000000,31.0,47.0,1.0,3.0,4.0,1.0,0.0,0.0,5.0,32.0,230,76
357,2015LANbaezpe01,512500,52.0,0.0,0.0,0.0,0.0,0.0,0.0,0.0,0.0,0.0,232,72
358,2015LANbarneda01,2525000,2.0,4.0,0.0,0.0,0.0,0.0,0.0,0.0,0.0,0.0,180,70
359,2015LANbeachbr01,2750000,2.0,2.0,0.0,0.0,0.0,0.0,0.0,0.0,0.0,1.0,220,74
360,2015LANcrawfca02,21357000,69.0,181.0,19.0,16.0,48.0,9.0,2.0,4.0,10.0,41.0,230,74
361,2015LANellisaj01,4250000,63.0,181.0,24.0,21.0,43.0,9.0,0.0,7.0,32.0,38.0,225,74
362,2015LANethiean01,18000000,142.0,395.0,54.0,53.0,116.0,20.0,7.0,14.0,43.0,75.0,210,74
363,2015LANgarciyi01,510000,59.0,0.0,0.0,0.0,0.0,0.0,0.0,0.0,0.0,0.0,228,74
364,2015LANgonzaad01,21857000,156.0,571.0,76.0,90.0,157.0,33.0,0.0,28.0,62.0,107.0,215,74
365,2015LANgrandya01,693000,115.0,355.0,43.0,47.0,83.0,12.0,0.0,16.0,65.0,92.0,225,74
366,2015LANgreinza01,25000000,32.0,67.0,8.0,3.0,15.0,2.0,0.0,2.0,1.0,14.0,200,74
367,2015LANguerral01,6500000,106.0,219.0,25.0,36.0,51.0,9.0,1.0,11.0,7.0,57.0,220,73
368,2015LANhatchch02,522500,49.0,1.0,0.0,0.0,0.0,0.0,0.0,0.0,0.0,0.0,200,73
369,2015LANheisech01,2160000,33.0,55.0,8.0,9.0,10.0,2.0,0.0,2.0,15.0,17.0,220,73
370,2015LANhoweljp01,4000000,65.0,0.0,0.0,0.0,0.0,0.0,0.0,0.0,0.0,0.0,180,72
371,2015LANjanseke01,7425000,54.0,0.0,0.0,0.0,0.0,0.0,0.0,0.0,0.0,0.0,265,77
372,2015LANkendrho01,9500000,117.0,464.0,64.0,54.0,137.0,22.0,2.0,9.0,27.0,82.0,225,71
373,2015LANkershcl01,32571000,34.0,71.0,2.0,2.0,9.0,2.0,0.0,0.0,2.0,23.0,225,76
374,2015LANmccarbr01,12500000,4.0,6.0,0.0,1.0,0.0,0.0,0.0,0.0,1.0,5.0,225,80
375,2015LANnicasju01,2300000,54.0,1.0,0.0,0.0,0.0,0.0,0.0,0.0,0.0,0.0,250,76
376,2015LANpederjo01,510000,151.0,480.0,67.0,54.0,101.0,19.0,1.0,26.0,92.0,170.0,220,73
377,2015LANperaljo01,2500000,33.0,1.0,0.0,0.0,0.0,0.0,0.0,0.0,0.0,1.0,210,70
378,2015LANpuigya01,6214000,79.0,282.0,30.0,38.0,72.0,12.0,3.0,11.0,26.0,66.0,240,74
379,2015LANrodrist02,522500,18.0,0.0,0.0,0.0,0.0,0.0,0.0,0.0,0.0,0.0,220,75
380,2015LANrolliji01,11000000,144.0,517.0,71.0,41.0,116.0,24.0,3.0,13.0,44.0,86.0,175,67
381,2015LANturneju01,2500000,126.0,385.0,55.0,60.0,113.0,26.0,1.0,16.0,36.0,71.0,202,71
382,2015LANuribeju01,6500000,29.0,81.0,6.0,6.0,20.0,2.0,0.0,1.0,5.0,9.0,245,72
383,2015LANvanslsc01,522500,96.0,222.0,19.0,30.0,53.0,14.0,0.0,6.0,23.0,62.0,215,76
384,2015LANwielajo01,590000,2.0,1.0,0.0,0.0,0.0,0.0,0.0,0.0,0.0,1.0,205,74
385,2015MIAalvarhe01,4000000,4.0,6.0,1.0,1.0,2.0,1.0,0.0,0.0,0.0,1.0,205,72
386,2015MIAbakerje03,2100000,41.0,72.0,11.0,8.0,15.0,3.0,0.0,3.0,8.0,25.0,220,74
387,2015MIAcishest01,6650000,32.0,0.0,0.0,0.0,0.0,0.0,0.0,0.0,0.0,0.0,215,78
388,2015MIAcosarja01,540000,15.0,17.0,0.0,1.0,1.0,0.0,0.0,0.0,0.0,8.0,206,75
389,2015MIAdunnmi01,2350000,72.0,1.0,0.0,0.0,1.0,0.0,0.0,0.0,0.0,0.0,212,72
390,2015MIAdysonsa01,507500,44.0,0.0,0.0,0.0,0.0,0.0,0.0,0.0,0.0,0.0,212,73
391,2015MIAfernajo02,651000,11.0,18.0,2.0,2.0,3.0,1.0,0.0,1.0,0.0,4.0,240,75
392,2015MIAgordode01,2500000,145.0,615.0,88.0,46.0,205.0,24.0,8.0,4.0,25.0,91.0,166,71
393,2015MIAhandbr01,520000,38.0,17.0,1.0,2.0,2.0,0.0,0.0,0.0,0.0,5.0,224,75
394,2015MIAharenda01,10000000,22.0,32.0,3.0,4.0,5.0,1.0,0.0,0.0,2.0,12.0,215,77
395,2015MIAhechaad01,1925000,130.0,470.0,54.0,48.0,132.0,17.0,6.0,5.0,23.0,78.0,195,72
396,2015MIAkellydo01,1250000,2.0,1.0,0.0,0.0,0.0,0.0,0.0,0.0,0.0,0.0,215,76
397,2015MIAkoehlto01,555000,32.0,50.0,2.0,1.0,6.0,1.0,0.0,0.0,2.0,28.0,235,74
398,2015MIAlatosma01,9400000,16.0,18.0,0.0,1.0,5.0,0.0,0.0,0.0,0.0,6.0,245,78
399,2015MIAmathije01,1500000,32.0,93.0,9.0,12.0,15.0,4.0,1.0,2.0,7.0,24.0,205,72
400,2015MIAmorribr01,531500,67.0,0.0,0.0,0.0,0.0,0.0,0.0,0.0,0.0,0.0,220,75
401,2015MIAozunama01,545000,123.0,459.0,47.0,44.0,119.0,27.0,0.0,10.0,30.0,110.0,225,73
402,2015MIAphelpda01,1400000,23.0,34.0,0.0,0.0,4.0,0.0,0.0,0.0,0.0,16.0,198,74
403,2015MIApradoma01,11000000,129.0,500.0,52.0,63.0,144.0,22.0,2.0,9.0,37.0,68.0,215,72
404,2015MIAramosaj01,530000,71.0,0.0,0.0,0.0,0.0,0.0,0.0,0.0,0.0,0.0,200,70
405,2015MIAsolando01,531500,55.0,90.0,6.0,7.0,17.0,3.0,1.0,0.0,1.0,18.0,210,68
406,2015MIAstantmi03,6500000,74.0,279.0,47.0,67.0,74.0,12.0,1.0,27.0,34.0,95.0,245,78
407,2015MIAsuzukic01,2000000,153.0,398.0,45.0,21.0,91.0,5.0,6.0,1.0,31.0,51.0,175,71
408,2015MIAyelicch01,570000,126.0,476.0,63.0,44.0,143.0,30.0,2.0,7.0,47.0,101.0,195,75
409,2015MILblazemi01,508500,45.0,4.0,0.0,1.0,1.0,1.0,0.0,0.0,0.0,2.0,205,72
410,2015MILbraunry02,13000000,140.0,506.0,87.0,84.0,144.0,27.0,3.0,25.0,54.0,115.0,205,74
411,2015MILbroxtjo01,9000000,40.0,0.0,0.0,0.0,0.0,0.0,0.0,0.0,0.0,0.0,285,76
412,2015MILcenteju01,507500,10.0,21.0,0.0,0.0,1.0,1.0,0.0,0.0,2.0,7.0,195,69
413,2015MILcottsne01,3000000,51.0,0.0,0.0,0.0,0.0,0.0,0.0,0.0,0.0,0.0,200,74
414,2015MILdaviskh01,519500,121.0,392.0,54.0,66.0,97.0,16.0,2.0,27.0,44.0,122.0,205,71
415,2015MILfiersmi01,512500,21.0,30.0,0.0,0.0,3.0,0.0,0.0,0.0,0.0,12.0,211,74
416,2015MILgarzama01,12500000,26.0,39.0,0.0,0.0,3.0,0.0,0.0,0.0,1.0,21.0,220,76
417,2015MILgennesc01,516500,114.0,375.0,42.0,29.0,99.0,18.0,4.0,6.0,12.0,68.0,185,70
418,2015MILgomezca01,8000000,74.0,286.0,42.0,43.0,75.0,20.0,1.0,8.0,23.0,70.0,220,75
419,2015MILgomezhe01,507500,66.0,127.0,15.0,7.0,23.0,11.0,2.0,1.0,3.0,40.0,195,75
420,2015MILjeffrje01,510500,72.0,0.0,0.0,0.0,0.0,0.0,0.0,0.0,0.0,0.0,205,72
421,2015MILjimenlu02,508500,15.0,15.0,1.0,0.0,1.0,0.0,0.0,0.0,1.0,6.0,205,73
422,2015MILkintzbr01,1075000,7.0,1.0,0.0,0.0,0.0,0.0,0.0,0.0,0.0,0.0,200,70
423,2015MILlindad01,7500000,149.0,502.0,72.0,87.0,139.0,32.0,0.0,20.0,66.0,100.0,195,74
424,2015MILlohseky01,11000000,41.0,39.0,3.0,1.0,9.0,1.0,0.0,0.0,0.0,10.0,215,74
425,2015MILlucrojo01,3000000,103.0,371.0,51.0,43.0,98.0,20.0,3.0,7.0,36.0,64.0,200,72
426,2015MILmaldoma01,825000,79.0,229.0,19.0,22.0,48.0,7.0,0.0,4.0,23.0,65.0,230,72
427,2015MILnelsoji02,511500,30.0,55.0,1.0,2.0,6.0,1.0,0.0,0.0,1.0,34.0,250,78
428,2015MILparrage01,6237500,100.0,323.0,53.0,31.0,106.0,24.0,5.0,9.0,20.0,57.0,210,71
429,2015MILperalwi01,525500,20.0,30.0,1.0,1.0,1.0,0.0,0.0,0.0,3.0,15.0,255,73
430,2015MILramirar01,14000000,81.0,279.0,25.0,42.0,69.0,18.0,0.0,11.0,16.0,42.0,205,73
431,2015MILrodrifr03,3500000,60.0,0.0,0.0,0.0,0.0,0.0,0.0,0.0,0.0,0.0,195,72
432,2015MILrogerja02,507500,86.0,152.0,22.0,16.0,45.0,6.0,2.0,4.0,15.0,34.0,230,73
433,2015MILschaflo01,510500,69.0,122.0,17.0,6.0,27.0,6.0,1.0,1.0,12.0,29.0,200,73
434,2015MILsegurje01,534000,142.0,560.0,57.0,50.0,144.0,16.0,5.0,6.0,13.0,93.0,220,70
435,2015MILsmithwi04,512500,76.0,0.0,0.0,0.0,0.0,0.0,0.0,0.0,0.0,0.0,255,77
436,2015MILthornty01,510500,24.0,3.0,0.0,0.0,0.0,0.0,0.0,0.0,0.0,1.0,190,71
437,2015MILwootero01,509500,4.0,1.0,0.0,0.0,0.0,0.0,0.0,0.0,0.0,0.0,200,73
438,2015MINarciaos01,532500,19.0,58.0,6.0,8.0,16.0,0.0,0.0,2.0,4.0,15.0,225,72
439,2015MINboyerbl01,750000,68.0,0.0,0.0,0.0,0.0,0.0,0.0,0.0,0.0,0.0,235,75
440,2015MINdoziebr01,2000000,157.0,628.0,101.0,77.0,148.0,39.0,4.0,28.0,61.0,148.0,200,71
441,2015MINduensbr01,2700000,55.0,1.0,0.0,0.0,0.0,0.0,0.0,0.0,0.0,0.0,200,72
442,2015MINescobed01,532500,127.0,409.0,48.0,58.0,107.0,31.0,4.0,12.0,28.0,86.0,193,70
443,2015MINfienca01,1375000,62.0,0.0,0.0,0.0,0.0,0.0,0.0,0.0,0.0,0.0,210,74
444,2015MINgibsoky01,537500,32.0,5.0,0.0,0.0,1.0,0.0,0.0,0.0,0.0,2.0,215,78
445,2015MINherrmch01,510000,45.0,103.0,13.0,10.0,15.0,5.0,1.0,2.0,7.0,37.0,200,72
446,2015MINhugheph01,9200000,27.0,3.0,0.0,0.0,0.0,0.0,0.0,0.0,0.0,0.0,240,77
447,2015MINhunteto01,10500000,139.0,521.0,67.0,81.0,125.0,22.0,0.0,22.0,35.0,105.0,220,74
448,2015MINmauerjo01,23000000,158.0,592.0,69.0,66.0,157.0,34.0,2.0,10.0,67.0,112.0,225,77
449,2015MINmilonto01,2775000,24.0,2.0,0.0,0.0,0.0,0.0,0.0,0.0,0.0,1.0,215,72
450,2015MINnolasri01,12000000,9.0,3.0,0.0,0.0,0.0,0.0,0.0,0.0,0.0,3.0,235,74
451,2015MINnunezed02,1025000,72.0,188.0,23.0,20.0,53.0,14.0,1.0,4.0,12.0,29.0,195,72
452,2015MINpelfrmi01,5500000,30.0,3.0,0.0,0.0,2.0,0.0,0.0,0.0,0.0,1.0,240,79
453,2015MINperkigl01,4650000,60.0,0.0,0.0,0.0,0.0,0.0,0.0,0.0,0.0,0.0,205,72
454,2015MINplouftr01,4800000,152.0,573.0,74.0,86.0,140.0,35.0,4.0,22.0,50.0,124.0,215,74
455,2015MINrobinsh01,550000,83.0,180.0,28.0,16.0,45.0,7.0,3.0,0.0,12.0,29.0,170,69
456,2015MINsantada01,530000,91.0,261.0,30.0,21.0,56.0,10.0,5.0,0.0,6.0,68.0,195,71
457,2015MINsantaer01,13500000,17.0,0.0,0.0,0.0,0.0,0.0,0.0,0.0,0.0,0.0,175,74
458,2015MINschafjo02,1550000,27.0,69.0,9.0,5.0,15.0,3.0,0.0,0.0,3.0,23.0,205,73
459,2015MINstaufti01,2200000,13.0,0.0,0.0,0.0,0.0,0.0,0.0,0.0,0.0,0.0,215,73
460,2015MINsuzukku01,6000000,131.0,433.0,36.0,50.0,104.0,17.0,0.0,5.0,29.0,59.0,210,71
461,2015MINthompaa01,520000,41.0,0.0,0.0,0.0,0.0,0.0,0.0,0.0,0.0,0.0,205,75
462,2015MINvargake01,517500,58.0,175.0,18.0,17.0,42.0,4.0,0.0,5.0,9.0,54.0,290,77
463,2015NYAbeltrca01,15000000,133.0,478.0,57.0,67.0,132.0,34.0,1.0,19.0,45.0,85.0,215,73
464,2015NYAbetande01,507500,74.0,0.0,0.0,0.0,0.0,0.0,0.0,0.0,0.0,0.0,265,80
465,2015NYAcapuach01,5000000,22.0,1.0,0.0,0.0,0.0,0.0,0.0,0.0,0.0,0.0,225,74
466,2015NYAdrewst01,5000000,131.0,383.0,43.0,44.0,77.0,16.0,1.0,17.0,37.0,71.0,220,72
467,2015NYAellsbja01,21142857,111.0,452.0,66.0,33.0,116.0,15.0,2.0,7.0,35.0,86.0,195,73
468,2015NYAeovalna01,3300000,27.0,5.0,1.0,0.0,0.0,0.0,0.0,0.0,0.0,2.0,217,74
469,2015NYAgardnbr01,12500000,151.0,571.0,94.0,66.0,148.0,26.0,3.0,16.0,68.0,135.0,195,71
470,2015NYAgregodi01,553900,155.0,525.0,57.0,56.0,139.0,24.0,2.0,9.0,33.0,85.0,205,75
471,2015NYAheadlch01,13000000,156.0,580.0,74.0,62.0,150.0,29.0,1.0,11.0,51.0,135.0,215,74
472,2015NYAjonesga02,5000000,57.0,144.0,12.0,17.0,31.0,4.0,1.0,5.0,8.0,37.0,235,77
473,2015NYAmartich02,511025,24.0,0.0,0.0,0.0,0.0,0.0,0.0,0.0,0.0,0.0,225,80
474,2015NYAmccanbr01,17000000,135.0,465.0,68.0,94.0,108.0,15.0,1.0,26.0,52.0,97.0,225,75
475,2015NYAmillean01,9000000,60.0,0.0,0.0,0.0,0.0,0.0,0.0,0.0,0.0,0.0,200,79
476,2015NYAmurphjr01,518700,67.0,155.0,21.0,14.0,43.0,9.0,1.0,3.0,12.0,43.0,200,71
477,2015NYAnovaiv01,3300000,17.0,0.0,0.0,0.0,0.0,0.0,0.0,0.0,0.0,0.0,250,77
478,2015NYApetitgr01,510000,20.0,42.0,7.0,5.0,7.0,3.0,0.0,0.0,3.0,16.0,200,70
479,2015NYApinedmi01,2100000,27.0,2.0,0.0,0.0,0.0,0.0,0.0,0.0,0.0,1.0,280,79
480,2015NYApireljo01,510000,37.0,74.0,7.0,5.0,17.0,3.0,0.0,1.0,2.0,16.0,220,72
481,2015NYArodrial01,22000000,151.0,523.0,83.0,86.0,131.0,22.0,1.0,33.0,84.0,145.0,230,75
482,2015NYArogeres01,1480000,18.0,0.0,0.0,0.0,0.0,0.0,0.0,0.0,0.0,0.0,200,75
483,2015NYArominau01,554100,1.0,2.0,0.0,0.0,0.0,0.0,0.0,0.0,0.0,0.0,216,73
484,2015NYAryanbr01,2000000,47.0,96.0,10.0,8.0,22.0,6.0,2.0,0.0,5.0,29.0,190,73
485,2015NYAsabatcc01,23000000,29.0,3.0,0.0,0.0,0.0,0.0,0.0,0.0,0.0,2.0,300,78
486,2015NYAshrevch01,510275,59.0,0.0,0.0,0.0,0.0,0.0,0.0,0.0,0.0,0.0,180,76
487,2015NYAtanakma01,22000000,24.0,7.0,0.0,0.0,0.0,0.0,0.0,0.0,1.0,2.0,218,75
488,2015NYAteixema01,23125000,111.0,392.0,57.0,79.0,100.0,22.0,0.0,31.0,59.0,85.0,225,75
489,2015NYAwarread01,572600,43.0,3.0,0.0,0.0,0.0,0.0,0.0,0.0,0.0,1.0,224,73
490,2015NYAwilsoju10,556000,74.0,0.0,0.0,0.0,0.0,0.0,0.0,0.0,0.0,0.0,205,74
491,2015NYAyoungch04,2500000,140.0,318.0,53.0,42.0,80.0,20.0,1.0,14.0,30.0,73.0,200,74
492,2015NYNcampber01,511065,71.0,173.0,28.0,19.0,34.0,8.0,0.0,3.0,26.0,37.0,215,75
493,2015NYNcarlybu01,725000,11.0,0.0,0.0,0.0,0.0,0.0,0.0,0.0,0.0,0.0,210,75
494,2015NYNcolonba01,11000000,33.0,58.0,2.0,4.0,8.0,1.0,0.0,0.0,0.0,24.0,285,71
495,2015NYNcuddymi01,8500000,117.0,379.0,44.0,41.0,98.0,18.0,1.0,10.0,24.0,88.0,220,74
496,2015NYNdarnatr01,525424,67.0,239.0,31.0,41.0,64.0,14.0,1.0,12.0,23.0,49.0,210,74
497,2015NYNdegroja01,556875,31.0,59.0,3.0,4.0,11.0,1.0,0.0,0.0,3.0,16.0,180,76
498,2015NYNdudalu01,4200000,135.0,471.0,67.0,73.0,115.0,33.0,0.0,27.0,66.0,138.0,255,76
499,2015NYNfamilje01,523925,76.0,0.0,0.0,0.0,0.0,0.0,0.0,0.0,0.0,0.0,240,75
500,2015NYNflorewi01,513543,137.0,483.0,55.0,59.0,127.0,22.0,0.0,16.0,19.0,63.0,213,74
501,2015NYNgeedi01,5300000,8.0,10.0,0.0,0.0,1.0,0.0,0.0,0.0,0.0,5.0,205,73
502,2015NYNgoedder01,509125,35.0,1.0,0.0,0.0,0.0,0.0,0.0,0.0,0.0,0.0,191,75
503,2015NYNgrandcu01,16000000,157.0,580.0,98.0,70.0,150.0,33.0,2.0,26.0,91.0,151.0,200,73
504,2015NYNharvema01,614125,29.0,65.0,1.0,7.0,7.0,2.0,0.0,1.0,0.0,31.0,220,76
505,2015NYNlagarju01,528696,143.0,441.0,47.0,41.0,114.0,16.0,5.0,6.0,16.0,87.0,219,74
506,2015NYNmaybejo02,1450000,59.0,110.0,8.0,9.0,18.0,6.0,1.0,3.0,9.0,33.0,235,78
507,2015NYNmejiaje01,2595000,7.0,0.0,0.0,0.0,0.0,0.0,0.0,0.0,0.0,0.0,205,72
508,2015NYNmontera01,511000,5.0,2.0,0.0,0.0,0.0,0.0,0.0,0.0,0.0,1.0,190,72
509,2015NYNmurphda08,8000000,130.0,499.0,56.0,73.0,140.0,38.0,2.0,14.0,31.0,38.0,223,73
510,2015NYNniesejo01,7000000,33.0,52.0,5.0,4.0,9.0,1.0,0.0,0.0,5.0,18.0,215,75
511,2015NYNparnebo01,3700000,30.0,0.0,0.0,0.0,0.0,0.0,0.0,0.0,0.0,0.0,205,75
512,2015NYNreckean01,517880,32.0,80.0,6.0,5.0,10.0,1.0,0.0,2.0,11.0,35.0,240,74
513,2015NYNtejadru01,1880000,116.0,360.0,36.0,28.0,94.0,23.0,0.0,3.0,38.0,70.0,200,71
514,2015NYNtorreal01,522900,39.0,1.0,0.0,0.0,0.0,0.0,0.0,0.0,0.0,0.0,190,70
515,2015NYNtorreca01,582125,59.0,1.0,1.0,0.0,1.0,0.0,0.0,0.0,0.0,0.0,180,73
516,2015NYNwrighda03,20000000,38.0,152.0,24.0,17.0,44.0,7.0,0.0,5.0,22.0,36.0,205,72
517,2015OAKabadfe01,1087500,62.0,0.0,0.0,0.0,0.0,0.0,0.0,0.0,0.0,0.0,235,74
518,2015OAKalvarrj01,507500,21.0,0.0,0.0,0.0,0.0,0.0,0.0,0.0,0.0,0.0,230,73
519,2015OAKbutlebi03,6666000,151.0,538.0,63.0,65.0,135.0,28.0,1.0,15.0,52.0,101.0,260,72
520,2015OAKchaveje01,2150000,30.0,3.0,0.0,0.0,1.0,0.0,0.0,0.0,0.0,2.0,175,73
521,2015OAKclippty01,8300001,37.0,0.0,0.0,0.0,0.0,0.0,0.0,0.0,0.0,0.0,200,75
522,2015OAKcookry01,1400000,4.0,0.0,0.0,0.0,0.0,0.0,0.0,0.0,0.0,0.0,227,73
523,2015OAKcrispco01,11000000,44.0,126.0,11.0,6.0,22.0,6.0,0.0,0.0,13.0,25.0,185,70
524,2015OAKdavisik02,3800000,74.0,214.0,19.0,20.0,49.0,17.0,0.0,3.0,23.0,44.0,220,76
525,2015OAKdoolise01,780000,12.0,0.0,0.0,0.0,0.0,0.0,0.0,0.0,0.0,0.0,204,74
526,2015OAKfuldsa01,1750000,120.0,290.0,34.0,22.0,57.0,16.0,3.0,2.0,30.0,55.0,180,69
527,2015OAKgentrcr01,1600000,26.0,50.0,6.0,3.0,6.0,0.0,2.0,0.0,4.0,15.0,190,74
528,2015OAKgraveke01,507500,21.0,0.0,0.0,0.0,0.0,0.0,0.0,0.0,0.0,0.0,200,74
529,2015OAKgrayso01,512500,31.0,6.0,0.0,0.0,1.0,0.0,0.0,0.0,0.0,4.0,195,70
530,2015OAKhahnje01,507500,16.0,3.0,0.0,0.0,0.0,0.0,0.0,0.0,0.0,2.0,205,77
531,2015OAKkazmisc01,13000000,18.0,2.0,1.0,1.0,1.0,0.0,0.0,0.0,0.0,1.0,185,72
532,2015OAKlawribr01,1925000,149.0,562.0,64.0,60.0,146.0,29.0,3.0,16.0,28.0,144.0,210,72
533,2015OAKoflaher01,5500000,25.0,0.0,0.0,0.0,0.0,0.0,0.0,0.0,0.0,0.0,210,74
534,2015OAKoteroda01,512500,41.0,0.0,0.0,0.0,0.0,0.0,0.0,0.0,0.0,0.0,205,75
535,2015OAKphegljo01,510000,73.0,225.0,27.0,34.0,56.0,16.0,1.0,9.0,14.0,51.0,225,70
536,2015OAKpomerdr01,517500,53.0,0.0,0.0,0.0,0.0,0.0,0.0,0.0,0.0,0.0,246,77
537,2015OAKreddijo01,4100000,149.0,526.0,67.0,77.0,143.0,25.0,4.0,20.0,49.0,65.0,197,74
538,2015OAKrodrife02,635000,56.0,0.0,0.0,0.0,0.0,0.0,0.0,0.0,0.0,0.0,235,75
539,2015OAKscribev01,512500,54.0,0.0,0.0,0.0,0.0,0.0,0.0,0.0,0.0,0.0,190,75
540,2015OAKsemiema01,510000,155.0,556.0,65.0,45.0,143.0,23.0,7.0,15.0,42.0,132.0,195,72
541,2015OAKsogarer01,1075000,120.0,372.0,40.0,37.0,92.0,12.0,3.0,1.0,23.0,50.0,180,70
542,2015OAKvalenda01,1675000,47.0,183.0,33.0,37.0,52.0,10.0,1.0,11.0,20.0,40.0,210,74
543,2015OAKvogtst01,512500,136.0,445.0,58.0,71.0,116.0,21.0,3.0,18.0,56.0,97.0,216,72
544,2015OAKzobribe01,7500000,67.0,235.0,39.0,33.0,63.0,20.0,2.0,6.0,33.0,26.0,210,75
545,2015PHIascheco01,517500,129.0,425.0,41.0,39.0,104.0,22.0,3.0,12.0,26.0,111.0,205,73
546,2015PHIbillich01,1500000,7.0,13.0,2.0,1.0,1.0,0.0,0.0,1.0,0.0,5.0,240,73
547,2015PHIblancan01,850000,106.0,233.0,32.0,25.0,68.0,22.0,3.0,7.0,21.0,44.0,192,70
548,2015PHIbrowndo01,2600000,63.0,189.0,19.0,25.0,43.0,6.0,1.0,5.0,14.0,36.0,225,77
549,2015PHIbuchada01,512500,15.0,20.0,2.0,1.0,4.0,1.0,0.0,0.0,2.0,8.0,200,75
550,2015PHIdefraju01,528000,61.0,3.0,0.0,0.0,1.0,0.0,0.0,0.0,0.0,1.0,225,76
551,2015PHIdiekmja01,535500,41.0,0.0,0.0,0.0,0.0,0.0,0.0,0.0,0.0,0.0,195,76
552,2015PHIfrancje02,950000,119.0,326.0,34.0,45.0,84.0,16.0,1.0,13.0,13.0,77.0,225,76
553,2015PHIgalvifr01,513500,151.0,559.0,63.0,50.0,147.0,14.0,5.0,7.0,30.0,103.0,190,70
554,2015PHIgarcilu03,509000,72.0,0.0,0.0,0.0,0.0,0.0,0.0,0.0,0.0,0.0,240,74
555,2015PHIgileske01,519000,69.0,0.0,0.0,0.0,0.0,0.0,0.0,0.0,0.0,0.0,210,75
556,2015PHIgomezje01,800000,65.0,1.0,0.0,0.0,0.0,0.0,0.0,0.0,0.0,1.0,215,75
557,2015PHIhamelco01,23500000,20.0,39.0,2.0,0.0,6.0,1.0,0.0,0.0,0.0,15.0,205,76
558,2015PHIharanaa01,5000000,29.0,48.0,4.0,0.0,8.0,1.0,0.0,0.0,1.0,18.0,260,79
559,2015PHIhernace02,510000,127.0,405.0,57.0,35.0,110.0,20.0,4.0,1.0,40.0,86.0,195,70
560,2015PHIhowarry01,25000000,129.0,467.0,53.0,77.0,107.0,29.0,1.0,23.0,27.0,138.0,250,76
561,2015PHIjimence01,575000,3.0,0.0,0.0,0.0,0.0,0.0,0.0,0.0,0.0,0.0,215,72
562,2015PHImcgowdu01,650000,14.0,3.0,0.0,0.0,0.0,0.0,0.0,0.0,0.0,3.0,235,75
563,2015PHIpapeljo01,13000000,37.0,0.0,0.0,0.0,0.0,0.0,0.0,0.0,0.0,0.0,230,77
564,2015PHIreverbe01,4100000,96.0,366.0,49.0,26.0,109.0,13.0,6.0,1.0,19.0,36.0,175,69
565,2015PHIrufda01,515000,106.0,268.0,30.0,39.0,63.0,12.0,0.0,12.0,21.0,69.0,232,74
566,2015PHIruizca01,8500000,86.0,284.0,23.0,22.0,60.0,13.0,1.0,2.0,28.0,43.0,215,70
567,2015PHIruppca01,508000,81.0,270.0,24.0,28.0,63.0,9.0,1.0,9.0,24.0,71.0,260,74
568,2015PHIsizemgr01,2000000,39.0,98.0,4.0,6.0,24.0,5.0,0.0,0.0,6.0,23.0,205,74
569,2015PHIutleych01,15000000,73.0,249.0,23.0,30.0,54.0,12.0,1.0,5.0,22.0,35.0,195,73
571,2015PITalvarpe01,5750000,150.0,437.0,60.0,77.0,106.0,18.0,0.0,27.0,48.0,131.0,250,75
572,2015PITbastaan01,3100000,66.0,2.0,0.0,0.0,0.0,0.0,0.0,0.0,0.0,2.0,202,71
573,2015PITburneaj01,8500000,26.0,42.0,1.0,5.0,5.0,0.0,0.0,1.0,0.0,20.0,230,76
574,2015PITcaminar01,515500,73.0,0.0,0.0,0.0,0.0,0.0,0.0,0.0,0.0,0.0,245,76
575,2015PITcervefr01,987500,130.0,451.0,56.0,43.0,133.0,17.0,5.0,7.0,46.0,94.0,220,72
576,2015PITcolege01,531000,33.0,60.0,5.0,2.0,9.0,0.0,0.0,0.0,2.0,28.0,220,76
577,2015PITdeckeja01,510000,23.0,28.0,8.0,1.0,6.0,1.0,1.0,0.0,7.0,9.0,190,69
578,2015PITfloripe01,521000,24.0,23.0,5.0,1.0,2.0,0.0,1.0,0.0,2.0,12.0,185,74
579,2015PITharrijo05,3050000,114.0,418.0,57.0,28.0,120.0,29.0,1.0,4.0,19.0,71.0,190,68
580,2015PIThartco01,2500000,35.0,54.0,3.0,9.0,12.0,1.0,0.0,2.0,1.0,19.0,240,78
581,2015PIThugheja02,1075000,76.0,0.0,0.0,0.0,0.0,0.0,0.0,0.0,0.0,0.0,240,79
582,2015PITkangju01,2500000,126.0,421.0,60.0,58.0,121.0,24.0,2.0,15.0,28.0,99.0,210,72
583,2015PITlamboan01,515500,20.0,25.0,1.0,0.0,1.0,1.0,0.0,0.0,2.0,8.0,220,75
584,2015PITliriafr01,11666666,31.0,65.0,4.0,7.0,11.0,2.0,0.0,1.0,0.0,28.0,220,75
585,2015PITlizra01,1000000,14.0,1.0,0.0,0.0,0.0,0.0,0.0,0.0,0.0,0.0,200,74
586,2015PITlockeje01,531000,30.0,45.0,1.0,2.0,3.0,1.0,0.0,0.0,2.0,18.0,200,72
587,2015PITmartest01,1333333,153.0,579.0,84.0,81.0,166.0,30.0,2.0,19.0,27.0,123.0,195,73
588,2015PITmccutan01,10000000,157.0,566.0,91.0,96.0,165.0,36.0,3.0,23.0,98.0,133.0,195,71
589,2015PITmelanma01,5400000,78.0,0.0,0.0,0.0,0.0,0.0,0.0,0.0,0.0,0.0,215,73
590,2015PITmercejo03,538000,116.0,394.0,34.0,34.0,96.0,21.0,0.0,3.0,27.0,73.0,210,75
591,2015PITmortoch02,8000000,23.0,36.0,0.0,1.0,1.0,0.0,0.0,0.0,1.0,18.0,215,77
592,2015PITpolangr01,525000,153.0,593.0,83.0,52.0,152.0,35.0,6.0,9.0,55.0,121.0,240,77
593,2015PITrodrise01,1900000,139.0,224.0,25.0,17.0,55.0,12.0,1.0,4.0,5.0,63.0,199,72
594,2015PITsanchto01,518000,3.0,8.0,2.0,0.0,3.0,0.0,0.0,0.0,1.0,3.0,220,71
595,2015PITstewach01,1225000,58.0,159.0,9.0,15.0,46.0,8.0,0.0,0.0,6.0,29.0,215,76
596,2015PITtabatjo01,4000000,27.0,38.0,2.0,4.0,11.0,0.0,0.0,0.0,2.0,7.0,210,71
597,2015PITwalkene01,8000000,151.0,543.0,69.0,71.0,146.0,32.0,3.0,16.0,44.0,110.0,214,74
598,2015PITwatsoto01,1750000,77.0,0.0,0.0,0.0,0.0,0.0,0.0,0.0,0.0,0.0,224,75
599,2015PITworleva01,2450000,24.0,17.0,1.0,0.0,3.0,1.0,0.0,0.0,0.0,6.0,240,74
600,2015SDNalonsyo01,1650000,103.0,354.0,50.0,31.0,100.0,18.0,1.0,5.0,42.0,48.0,230,73
601,2015SDNamarial01,1150000,118.0,324.0,28.0,30.0,66.0,10.0,4.0,3.0,24.0,55.0,160,66
602,2015SDNbarmecl01,1300000,98.0,207.0,24.0,16.0,48.0,14.0,1.0,3.0,10.0,55.0,200,73
603,2015SDNbenoijo01,8000000,67.0,0.0,0.0,0.0,0.0,0.0,0.0,0.0,0.0,0.0,250,76
604,2015SDNcashnan01,4050000,38.0,60.0,2.0,1.0,5.0,0.0,0.0,0.0,1.0,24.0,235,78
605,2015SDNdespaod01,517300,34.0,30.0,0.0,0.0,2.0,1.0,0.0,0.0,1.0,11.0,200,72
606,2015SDNgarcefr01,508500,40.0,0.0,0.0,0.0,0.0,0.0,0.0,0.0,0.0,0.0,175,71
607,2015SDNgyorkje01,2000000,128.0,421.0,34.0,57.0,104.0,15.0,0.0,16.0,27.0,107.0,205,70
608,2015SDNkellesh01,2835000,53.0,0.0,0.0,0.0,0.0,0.0,0.0,0.0,0.0,0.0,237,74
609,2015SDNkempma01,21250000,154.0,596.0,80.0,100.0,158.0,31.0,3.0,23.0,39.0,147.0,225,76
610,2015SDNkenneia01,9850000,30.0,42.0,3.0,0.0,4.0,3.0,0.0,0.0,0.0,23.0,210,72
611,2015SDNkimbrcr01,9000000,61.0,1.0,0.0,0.0,0.0,0.0,0.0,0.0,0.0,1.0,215,71
612,2015SDNmiddlwi01,540500,83.0,255.0,23.0,29.0,54.0,7.0,2.0,9.0,11.0,60.0,220,75
613,2015SDNmorrobr01,2500000,5.0,9.0,0.0,0.0,0.0,0.0,0.0,0.0,1.0,8.0,207,75
614,2015SDNmyerswi01,519800,60.0,225.0,40.0,29.0,57.0,13.0,1.0,8.0,27.0,55.0,207,75
615,2015SDNnievewi01,850000,6.0,13.0,1.0,4.0,1.0,0.0,0.0,1.0,1.0,4.0,190,71
616,2015SDNnorride01,545000,147.0,515.0,65.0,62.0,129.0,33.0,2.0,14.0,35.0,131.0,235,72
617,2015SDNrossty01,5250000,34.0,56.0,6.0,6.0,14.0,1.0,1.0,1.0,2.0,19.0,254,77
618,2015SDNshielja02,10000000,36.0,68.0,7.0,2.0,9.0,2.0,0.0,0.0,1.0,28.0,210,75
619,2015SDNsolarya01,516400,152.0,526.0,63.0,63.0,142.0,33.0,4.0,14.0,34.0,56.0,220,71
620,2015SDNspangco01,508500,108.0,303.0,38.0,21.0,82.0,17.0,5.0,4.0,28.0,75.0,195,72
621,2015SDNthayeda01,1375000,38.0,0.0,0.0,0.0,0.0,0.0,0.0,0.0,0.0,0.0,210,72
622,2015SDNuptonbj01,14450000,87.0,205.0,23.0,17.0,53.0,12.0,4.0,5.0,21.0,62.0,185,75
623,2015SDNuptonju01,14500000,150.0,542.0,85.0,81.0,136.0,26.0,3.0,26.0,68.0,159.0,215,73
624,2015SDNvenabwi01,4250000,98.0,283.0,34.0,30.0,73.0,10.0,3.0,6.0,25.0,73.0,205,75
625,2015SDNvinceni01,525300,26.0,0.0,0.0,0.0,0.0,0.0,0.0,0.0,0.0,0.0,185,70
626,2015SEAackledu01,2600000,85.0,186.0,22.0,19.0,40.0,8.0,1.0,6.0,14.0,38.0,205,73
627,2015SEAbloomwi01,3000000,35.0,69.0,2.0,4.0,11.0,1.0,0.0,0.0,2.0,13.0,200,71
628,2015SEAcanoro01,24000000,156.0,624.0,82.0,79.0,179.0,34.0,1.0,21.0,43.0,107.0,212,72
629,2015SEAcruzne02,14250000,152.0,590.0,90.0,93.0,178.0,22.0,1.0,44.0,59.0,164.0,230,74
630,2015SEAfarquda01,527000,43.0,0.0,0.0,0.0,0.0,0.0,0.0,0.0,0.0,0.0,185,69
631,2015SEAfurbuch01,1300000,33.0,0.0,0.0,0.0,0.0,0.0,0.0,0.0,0.0,0.0,215,77
632,2015SEAhappja01,6700000,21.0,1.0,0.0,0.0,0.0,0.0,0.0,0.0,1.0,0.0,205,77
633,2015SEAhernafe02,24857000,31.0,3.0,0.0,0.0,0.0,0.0,0.0,0.0,0.0,1.0,220,75
634,2015SEAiwakuhi01,7000000,20.0,2.0,0.0,0.0,0.0,0.0,0.0,0.0,0.0,2.0,210,75
635,2015SEAjacksau01,7700000,107.0,419.0,46.0,38.0,114.0,18.0,3.0,8.0,24.0,107.0,198,73
636,2015SEAmedinyo01,527300,12.0,0.0,0.0,0.0,0.0,0.0,0.0,0.0,0.0,0.0,245,75
637,2015SEAmillebr02,527600,144.0,438.0,44.0,46.0,113.0,22.0,4.0,11.0,47.0,101.0,195,74
638,2015SEAmorrilo01,2725000,146.0,457.0,47.0,54.0,103.0,15.0,3.0,17.0,47.0,81.0,245,75
639,2015SEAolmosed01,512500,6.0,0.0,0.0,0.0,0.0,0.0,0.0,0.0,0.0,0.0,220,76
640,2015SEApaxtoja01,519000,13.0,2.0,0.0,0.0,0.0,0.0,0.0,0.0,0.0,2.0,227,76
641,2015SEArodnefe01,7000000,54.0,0.0,0.0,0.0,0.0,0.0,0.0,0.0,0.0,0.0,240,71
642,2015SEAruggiju01,2505000,36.0,70.0,8.0,3.0,15.0,4.0,0.0,2.0,11.0,27.0,210,73
643,2015SEAseageky01,4500000,161.0,623.0,85.0,74.0,166.0,37.0,0.0,26.0,54.0,98.0,216,72
644,2015SEAsmithse01,6000000,136.0,395.0,54.0,42.0,98.0,31.0,5.0,12.0,47.0,99.0,210,75
645,2015SEAsucreje01,509300,52.0,127.0,9.0,7.0,20.0,6.0,0.0,1.0,6.0,21.0,200,72
646,2015SEAtayloch03,512400,37.0,94.0,9.0,1.0,16.0,3.0,1.0,0.0,6.0,31.0,196,73
647,2015SEAwalketa01,513100,29.0,9.0,0.0,1.0,1.0,1.0,0.0,0.0,0.0,5.0,235,76
648,2015SEAweeksri01,2000000,37.0,84.0,7.0,9.0,14.0,1.0,0.0,2.0,9.0,25.0,210,72
649,2015SEAwilheto01,1400000,53.0,0.0,0.0,0.0,0.0,0.0,0.0,0.0,0.0,0.0,220,78
650,2015SEAzuninmi01,523500,112.0,350.0,28.0,28.0,61.0,11.0,0.0,11.0,21.0,132.0,235,74
651,2015SFNaffelje01,6000000,52.0,2.0,0.0,0.0,0.0,0.0,0.0,0.0,0.0,2.0,225,76
652,2015SFNaokino01,4000000,93.0,355.0,42.0,26.0,102.0,12.0,3.0,5.0,30.0,25.0,180,69
653,2015SFNariasjo01,1450000,40.0,58.0,5.0,4.0,12.0,1.0,0.0,1.0,0.0,12.0,185,73
654,2015SFNbeltbr01,3600000,137.0,492.0,73.0,68.0,138.0,33.0,5.0,18.0,56.0,147.0,231,75
655,2015SFNblancgr01,3600000,115.0,327.0,59.0,26.0,95.0,19.0,3.0,5.0,40.0,59.0,187,70
656,2015SFNbumgama01,6750000,36.0,77.0,9.0,9.0,19.0,2.0,0.0,5.0,3.0,27.0,257,76
657,2015SFNcainma01,21000000,13.0,16.0,0.0,1.0,0.0,0.0,0.0,0.0,0.0,9.0,230,75
658,2015SFNcrawfbr01,3175000,143.0,507.0,65.0,84.0,130.0,33.0,4.0,21.0,39.0,119.0,223,73
659,2015SFNduffyma01,509000,149.0,573.0,77.0,77.0,169.0,28.0,6.0,12.0,30.0,96.0,190,74
660,2015SFNgarcija01,5000000,67.0,0.0,0.0,0.0,0.0,0.0,0.0,0.0,0.0,0.0,210,72
661,2015SFNhudsoti01,12000000,24.0,38.0,3.0,1.0,7.0,2.0,0.0,1.0,1.0,11.0,175,73
662,2015SFNishiktr01,1100000,6.0,5.0,1.0,0.0,0.0,0.0,0.0,0.0,1.0,3.0,220,75
663,2015SFNkontoge01,517500,73.0,2.0,0.0,0.0,0.0,0.0,0.0,0.0,0.0,2.0,225,75
664,2015SFNlinceti01,18000000,16.0,21.0,0.0,0.0,3.0,1.0,0.0,0.0,2.0,10.0,170,71
665,2015SFNlopezja02,4000000,77.0,0.0,0.0,0.0,0.0,0.0,0.0,0.0,0.0,0.0,220,76
666,2015SFNmachije01,527500,33.0,3.0,0.0,0.0,0.0,0.0,0.0,0.0,0.0,2.0,257,71
667,2015SFNmaxweju01,1000000,100.0,249.0,26.0,26.0,52.0,8.0,2.0,7.0,20.0,76.0,225,76
668,2015SFNmcgehca01,4800000,49.0,127.0,7.0,11.0,27.0,5.0,0.0,2.0,11.0,28.0,220,73
669,2015SFNpaganan01,10250000,133.0,512.0,55.0,37.0,134.0,21.0,3.0,3.0,32.0,93.0,200,74
670,2015SFNpanikjo01,522500,100.0,382.0,59.0,37.0,119.0,27.0,2.0,8.0,38.0,42.0,205,73
671,2015SFNpeavyja01,9000000,19.0,36.0,5.0,3.0,7.0,2.0,0.0,1.0,1.0,17.0,195,73
672,2015SFNpencehu01,18500000,52.0,207.0,30.0,40.0,57.0,13.0,1.0,9.0,16.0,48.0,216,76
673,2015SFNpetityu01,2100000,42.0,9.0,1.0,0.0,0.0,0.0,0.0,0.0,0.0,3.0,252,73
674,2015SFNposeybu01,16500000,150.0,557.0,74.0,95.0,177.0,28.0,0.0,19.0,56.0,52.0,213,73
675,2015SFNromose01,6000000,70.0,2.0,0.0,0.0,0.0,0.0,0.0,0.0,0.0,1.0,185,71
676,2015SFNsanchhe01,800000,28.0,56.0,5.0,5.0,10.0,4.0,0.0,1.0,2.0,14.0,220,72
677,2015SFNvogelry01,4000000,33.0,36.0,3.0,2.0,5.0,1.0,0.0,1.0,1.0,13.0,215,76
678,2015SLNadamsma01,534000,60.0,175.0,14.0,24.0,42.0,9.0,0.0,5.0,10.0,41.0,245,75
679,2015SLNbelisma01,3500000,34.0,0.0,0.0,0.0,0.0,0.0,0.0,0.0,0.0,0.0,230,75
680,2015SLNbourjpe01,1650000,117.0,195.0,32.0,13.0,39.0,8.0,3.0,4.0,19.0,59.0,190,73
681,2015SLNcarpema01,3750000,154.0,574.0,101.0,84.0,156.0,44.0,3.0,28.0,81.0,151.0,210,76
682,2015SLNchoatra01,3000000,71.0,0.0,0.0,0.0,0.0,0.0,0.0,0.0,1.0,0.0,205,73
683,2015SLNcruzto03,775000,69.0,142.0,6.0,11.0,29.0,7.0,1.0,2.0,6.0,32.0,215,71
684,2015SLNgarcija02,9250000,20.0,41.0,1.0,1.0,4.0,0.0,0.0,0.0,2.0,15.0,215,74
685,2015SLNgrichra01,510000,103.0,323.0,49.0,47.0,89.0,23.0,7.0,17.0,22.0,110.0,216,74
686,2015SLNheywaja01,7800000,154.0,547.0,79.0,60.0,160.0,33.0,4.0,13.0,56.0,90.0,240,77
687,2015SLNhollima01,17000000,73.0,229.0,24.0,35.0,64.0,16.0,1.0,4.0,39.0,49.0,240,76
688,2015SLNjayjo02,4125000,79.0,210.0,25.0,10.0,44.0,5.0,1.0,1.0,19.0,36.0,200,71
689,2015SLNkozmape01,522000,76.0,99.0,15.0,2.0,15.0,0.0,0.0,0.0,10.0,21.0,190,72
690,2015SLNlackejo01,507500,33.0,62.0,0.0,3.0,7.0,2.0,0.0,0.0,4.0,24.0,235,78
691,2015SLNlynnla01,7000000,31.0,50.0,3.0,1.0,8.0,2.0,0.0,0.0,0.0,26.0,270,77
692,2015SLNmanesse01,530000,77.0,3.0,0.0,0.0,0.0,0.0,0.0,0.0,0.0,2.0,190,72
693,2015SLNmartica04,520000,32.0,56.0,2.0,0.0,8.0,2.0,0.0,0.0,1.0,23.0,200,72
694,2015SLNmolinya01,15000000,136.0,488.0,34.0,61.0,132.0,23.0,2.0,4.0,32.0,59.0,225,71
695,2015SLNperaljh01,15000000,155.0,579.0,64.0,71.0,159.0,26.0,1.0,17.0,50.0,111.0,225,74
696,2015SLNreynoma01,2000000,140.0,382.0,35.0,48.0,88.0,21.0,2.0,13.0,44.0,121.0,220,74
697,2015SLNrosentr01,535000,68.0,1.0,0.0,0.0,0.0,0.0,0.0,0.0,0.0,1.0,230,74
698,2015SLNsiegrke01,518000,81.0,0.0,0.0,0.0,0.0,0.0,0.0,0.0,0.0,0.0,230,77
699,2015SLNvillaca01,2000000,35.0,8.0,0.0,0.0,0.0,0.0,0.0,0.0,0.0,5.0,220,74
700,2015SLNwachami01,520000,30.0,52.0,5.0,4.0,8.0,1.0,0.0,0.0,4.0,20.0,215,78
701,2015SLNwainwad01,19500000,7.0,10.0,0.0,0.0,0.0,0.0,0.0,0.0,0.0,2.0,230,79
702,2015SLNwaldejo01,2675000,12.0,0.0,0.0,0.0,0.0,0.0,0.0,0.0,0.0,0.0,250,77
703,2015SLNwongko01,520000,150.0,557.0,71.0,61.0,146.0,28.0,4.0,11.0,36.0,95.0,185,67
704,2015TBAandrima01,507500,25.0,1.0,0.0,0.0,0.0,0.0,0.0,0.0,0.0,0.0,215,74
705,2015TBAarchech01,1166667,34.0,5.0,0.0,0.0,0.0,0.0,0.0,0.0,0.0,3.0,195,74
706,2015TBAbeckhti01,508100,82.0,203.0,24.0,37.0,45.0,7.0,4.0,9.0,13.0,69.0,215,72
707,2015TBAbelivje01,513600,5.0,0.0,0.0,0.0,0.0,0.0,0.0,0.0,0.0,0.0,190,73
708,2015TBAboxbebr01,521400,69.0,0.0,0.0,0.0,0.0,0.0,0.0,0.0,0.0,0.0,211,70
709,2015TBAcabreas01,7500000,143.0,505.0,66.0,58.0,134.0,28.0,5.0,15.0,36.0,107.0,235,72
710,2015TBAcolomal01,510800,43.0,0.0,0.0,0.0,0.0,0.0,0.0,0.0,0.0,0.0,225,73
711,2015TBAdejesda01,5000000,82.0,232.0,24.0,26.0,60.0,8.0,2.0,5.0,19.0,39.0,190,71
712,2015TBAforsylo01,1100000,153.0,540.0,69.0,68.0,152.0,33.0,2.0,17.0,55.0,111.0,195,73
713,2015TBAfrankni01,1021800,44.0,101.0,11.0,7.0,16.0,4.0,1.0,3.0,7.0,37.0,190,73
714,2015TBAfrierer01,800000,22.0,0.0,0.0,0.0,0.0,0.0,0.0,0.0,0.0,0.0,205,72
715,2015TBAguyerbr01,515800,128.0,332.0,51.0,28.0,88.0,21.0,2.0,8.0,25.0,61.0,210,74
716,2015TBAjasojo01,3175000,70.0,185.0,23.0,22.0,53.0,17.0,0.0,5.0,28.0,39.0,202,74
717,2015TBAjennide01,3100000,28.0,97.0,9.0,7.0,26.0,2.0,1.0,1.0,8.0,17.0,210,74
718,2015TBAjepseke01,3025000,46.0,0.0,0.0,0.0,0.0,0.0,0.0,0.0,0.0,0.0,235,75
719,2015TBAkarnsna01,508800,27.0,4.0,1.0,1.0,1.0,0.0,0.0,1.0,0.0,3.0,225,75
720,2015TBAkiermke01,513800,151.0,505.0,62.0,40.0,133.0,25.0,12.0,10.0,24.0,95.0,210,73
721,2015TBAloneyja01,8666666,104.0,361.0,25.0,32.0,101.0,16.0,0.0,4.0,23.0,34.0,235,75
722,2015TBAlongoev01,11000000,160.0,604.0,74.0,73.0,163.0,35.0,1.0,21.0,51.0,132.0,213,73
723,2015TBAmcgeeja01,3550000,39.0,0.0,0.0,0.0,0.0,0.0,0.0,0.0,0.0,0.0,229,76
724,2015TBAmoorema02,3000000,12.0,1.0,0.0,0.0,0.0,0.0,0.0,0.0,0.0,0.0,210,75
725,2015TBAodorija01,522000,28.0,4.0,0.0,0.0,0.0,0.0,0.0,0.0,0.0,2.0,190,74
726,2015TBAramirer02,522800,34.0,2.0,0.0,0.0,0.0,0.0,0.0,0.0,0.0,2.0,220,72
727,2015TBAriverre01,1200000,110.0,298.0,16.0,26.0,53.0,14.0,0.0,5.0,11.0,86.0,215,70
728,2015TBAsmylydr01,2650000,12.0,0.0,0.0,0.0,0.0,0.0,0.0,0.0,0.0,0.0,188,74
729,2015TBAsouzast01,508700,110.0,373.0,59.0,40.0,84.0,15.0,1.0,16.0,46.0,144.0,225,76
730,2015TBAwilsobo02,700000,25.0,55.0,3.0,4.0,8.0,0.0,0.0,0.0,4.0,20.0,230,72
732,2015TBAyateski01,512800,20.0,0.0,0.0,0.0,0.0,0.0,0.0,0.0,0.0,0.0,205,70
733,2015TEXandruel01,15000000,160.0,596.0,69.0,62.0,154.0,34.0,2.0,7.0,46.0,78.0,210,72
734,2015TEXbassan01,725000,33.0,0.0,0.0,0.0,0.0,0.0,0.0,0.0,0.0,0.0,200,74
735,2015TEXbeltrad01,16000000,143.0,567.0,83.0,83.0,163.0,32.0,4.0,18.0,41.0,65.0,220,71
736,2015TEXchiriro01,518290,78.0,233.0,33.0,34.0,54.0,16.0,1.0,10.0,28.0,62.0,220,73
737,2015TEXchoosh01,14000000,149.0,555.0,94.0,82.0,153.0,32.0,3.0,22.0,76.0,147.0,205,71
738,2015TEXclaudal01,508500,18.0,0.0,0.0,0.0,0.0,0.0,0.0,0.0,0.0,0.0,188,75
739,2015TEXcorpoca01,975000,33.0,107.0,10.0,15.0,19.0,4.0,0.0,3.0,6.0,40.0,240,74
740,2015TEXdetwiro01,3450000,17.0,0.0,0.0,0.0,0.0,0.0,0.0,0.0,0.0,0.0,210,77
741,2015TEXedwarjo02,508500,11.0,0.0,0.0,0.0,0.0,0.0,0.0,0.0,0.0,0.0,240,77
742,2015TEXfelizne01,4125000,18.0,0.0,0.0,0.0,0.0,0.0,0.0,0.0,0.0,0.0,235,75
743,2015TEXfieldpr01,24000000,158.0,613.0,78.0,98.0,187.0,28.0,0.0,23.0,64.0,88.0,275,71
744,2015TEXfreemsa01,517000,54.0,0.0,0.0,0.0,0.0,0.0,0.0,0.0,0.0,0.0,180,71
745,2015TEXfujikky01,1100000,2.0,0.0,0.0,0.0,0.0,0.0,0.0,0.0,0.0,0.0,190,72
746,2015TEXgallayo01,14000000,33.0,4.0,0.0,0.0,2.0,1.0,0.0,0.0,0.0,1.0,205,74
747,2015TEXhamiljo03,22708749,50.0,170.0,22.0,25.0,43.0,8.0,0.0,8.0,10.0,52.0,240,76
748,2015TEXhollade01,7400000,10.0,0.0,0.0,0.0,0.0,0.0,0.0,0.0,0.0,0.0,223,74
749,2015TEXkleinph01,509500,11.0,0.0,0.0,0.0,0.0,0.0,0.0,0.0,0.0,0.0,255,79
750,2015TEXlewisco01,4000000,33.0,2.0,0.0,0.0,0.0,0.0,0.0,0.0,0.0,2.0,240,76
751,2015TEXmartile01,4750000,95.0,288.0,26.0,25.0,63.0,12.0,0.0,5.0,16.0,69.0,200,74
752,2015TEXmartini01,515000,24.0,4.0,2.0,0.0,0.0,0.0,0.0,0.0,0.0,1.0,200,73
753,2015TEXmendero01,509500,12.0,0.0,0.0,0.0,0.0,0.0,0.0,0.0,0.0,0.0,245,75
754,2015TEXmorelmi01,2950000,132.0,471.0,51.0,85.0,131.0,27.0,0.0,23.0,32.0,112.0,245,75
755,2015TEXodorro01,513850,120.0,426.0,54.0,61.0,111.0,21.0,9.0,16.0,23.0,79.0,200,71
756,2015TEXperezma02,1000000,14.0,2.0,0.0,0.0,0.0,0.0,0.0,0.0,0.0,2.0,200,72
757,2015TEXrodriwa01,507000,17.0,2.0,1.0,0.0,1.0,0.0,0.0,0.0,0.0,0.0,195,71
758,2015TEXrosalad01,900000,55.0,114.0,14.0,7.0,26.0,4.0,0.0,3.0,10.0,30.0,200,74
759,2015TEXruary01,508500,28.0,83.0,10.0,7.0,16.0,5.0,0.0,4.0,3.0,32.0,205,74
760,2015TEXschepta01,515200,42.0,0.0,0.0,0.0,0.0,0.0,0.0,0.0,0.0,0.0,200,76
761,2015TEXsmolija01,508500,35.0,60.0,12.0,6.0,8.0,1.0,0.0,1.0,11.0,20.0,210,71
762,2015TEXtollesh01,519700,73.0,0.0,0.0,0.0,0.0,0.0,0.0,0.0,0.0,0.0,214,73
763,2015TORbautijo02,14000000,153.0,543.0,108.0,114.0,136.0,29.0,3.0,40.0,110.0,106.0,205,72
764,2015TORbuehrma01,20000000,32.0,7.0,0.0,0.0,1.0,0.0,0.0,0.0,1.0,3.0,240,74
765,2015TORcecilbr01,2475000,63.0,0.0,0.0,0.0,0.0,0.0,0.0,0.0,0.0,0.0,200,74
766,2015TORdickera01,12000000,33.0,3.0,0.0,0.0,0.0,0.0,0.0,0.0,0.0,1.0,215,75
767,2015TORdonaljo02,4300000,158.0,620.0,122.0,123.0,184.0,41.0,2.0,41.0,73.0,133.0,210,73
768,2015TORencared01,10000000,146.0,528.0,94.0,111.0,146.0,31.0,0.0,39.0,77.0,98.0,230,73
769,2015TORestrama01,3900000,34.0,6.0,0.0,0.0,2.0,0.0,0.0,0.0,0.0,2.0,180,72
770,2015TORgoinsry01,512800,128.0,376.0,52.0,45.0,94.0,16.0,4.0,5.0,39.0,83.0,180,70
771,2015TORhendrli01,518400,58.0,0.0,0.0,0.0,0.0,0.0,0.0,0.0,1.0,0.0,235,72
772,2015TORhutchdr01,520100,31.0,0.0,0.0,0.0,0.0,0.0,0.0,0.0,0.0,0.0,215,75
773,2015TORhynesco01,510800,5.0,0.0,0.0,0.0,0.0,0.0,0.0,0.0,0.0,0.0,200,71
774,2015TORloupaa01,527500,60.0,0.0,0.0,0.0,0.0,0.0,0.0,0.0,0.0,0.0,210,71
775,2015TORmartiru01,7000000,129.0,441.0,76.0,77.0,106.0,23.0,2.0,23.0,53.0,106.0,215,70
776,2015TORnavardi01,5000000,54.0,171.0,17.0,20.0,42.0,7.0,0.0,5.0,17.0,29.0,215,69
777,2015TORnorrida01,508700,5.0,0.0,0.0,0.0,0.0,0.0,0.0,0.0,0.0,0.0,207,74
778,2015TORpillake01,512000,159.0,586.0,76.0,56.0,163.0,31.0,2.0,12.0,28.0,85.0,200,72
779,2015TORpompeda01,508500,34.0,94.0,17.0,6.0,21.0,8.0,0.0,2.0,7.0,23.0,200,74
780,2015TORredmoto01,520000,7.0,0.0,0.0,0.0,0.0,0.0,0.0,0.0,0.0,0.0,240,75
781,2015TORreyesjo01,22000000,69.0,288.0,36.0,34.0,82.0,17.0,0.0,4.0,17.0,38.0,195,72
782,2015TORsanchaa01,1021600,41.0,0.0,0.0,0.0,0.0,0.0,0.0,0.0,0.0,0.0,210,76
783,2015TORsaundmi01,2875000,9.0,31.0,2.0,3.0,6.0,0.0,0.0,0.0,5.0,10.0,225,76
784,2015TORsmoakju01,1000000,132.0,296.0,44.0,59.0,67.0,16.0,1.0,18.0,29.0,86.0,220,76
785,2015TORstromma01,514700,4.0,0.0,0.0,0.0,0.0,0.0,0.0,0.0,0.0,0.0,180,67
786,2015TORtholejo01,1750000,18.0,49.0,5.0,2.0,10.0,2.0,0.0,0.0,3.0,9.0,190,73
787,2015TORtollest01,517300,19.0,41.0,9.0,3.0,11.0,5.0,1.0,0.0,4.0,9.0,185,71
788,2015WASbarreaa01,514200,40.0,0.0,0.0,0.0,0.0,0.0,0.0,0.0,0.0,0.0,230,75
789,2015WAScedenxa01,516500,5.0,0.0,0.0,0.0,0.0,0.0,0.0,0.0,0.0,0.0,210,71
790,2015WASdendema01,512972,55.0,99.0,12.0,12.0,25.0,6.0,1.0,5.0,9.0,20.0,210,74
791,2015WASdesmoia01,11000000,156.0,583.0,69.0,62.0,136.0,27.0,2.0,19.0,45.0,187.0,217,75
792,2015WASescobyu01,5000000,139.0,535.0,75.0,56.0,168.0,25.0,1.0,9.0,45.0,70.0,215,74
793,2015WASespinda01,1800000,118.0,367.0,59.0,37.0,88.0,21.0,1.0,13.0,33.0,106.0,205,72
794,2015WASfistedo01,11400000,29.0,31.0,2.0,0.0,7.0,1.0,0.0,0.0,2.0,15.0,210,80
795,2015WASgonzagi01,11000000,31.0,43.0,1.0,2.0,4.0,1.0,0.0,0.0,1.0,18.0,205,72
796,2015WASharpebr03,2500000,153.0,521.0,118.0,99.0,172.0,38.0,1.0,42.0,124.0,131.0,210,75
797,2015WASjanssca01,3500000,48.0,0.0,0.0,0.0,0.0,0.0,0.0,0.0,0.0,0.0,210,76
798,2015WASjohnsre02,1000000,17.0,22.0,0.0,3.0,5.0,1.0,0.0,0.0,0.0,6.0,185,70
799,2015WASlobatjo01,1200000,44.0,136.0,11.0,20.0,27.0,4.0,0.0,3.0,15.0,40.0,212,73
800,2015WASmoorety01,518200,97.0,187.0,14.0,27.0,38.0,12.0,0.0,6.0,11.0,45.0,220,74
801,2015WASramoswi01,3550000,128.0,475.0,41.0,68.0,109.0,16.0,0.0,15.0,21.0,101.0,241,73
802,2015WASrendoan01,2500000,80.0,311.0,43.0,25.0,82.0,16.0,0.0,5.0,36.0,70.0,200,73
803,2015WASroarkta01,529600,40.0,27.0,1.0,0.0,5.0,2.0,0.0,0.0,0.0,9.0,238,74
804,2015WASrobincl01,525000,126.0,309.0,44.0,34.0,84.0,15.0,1.0,10.0,37.0,52.0,240,77
805,2015WASscherma01,17142000,34.0,69.0,4.0,0.0,15.0,0.0,0.0,0.0,2.0,23.0,208,75
806,2015WASspande01,9000000,61.0,246.0,38.0,22.0,74.0,17.0,0.0,5.0,25.0,26.0,210,72
807,2015WASstammcr01,2250000,5.0,0.0,0.0,0.0,0.0,0.0,0.0,0.0,0.0,0.0,228,74
808,2015WASstoredr01,5700000,58.0,0.0,0.0,0.0,0.0,0.0,0.0,0.0,0.0,0.0,200,73
809,2015WASstrasst01,7400000,23.0,38.0,1.0,0.0,5.0,0.0,0.0,0.0,2.0,17.0,240,77
810,2015WAStaylomi02,508700,138.0,472.0,49.0,63.0,108.0,15.0,2.0,14.0,35.0,158.0,215,76
811,2015WASthornma01,3500000,60.0,0.0,0.0,0.0,0.0,0.0,0.0,0.0,0.0,0.0,235,78
812,2015WAStreinbl01,512800,60.0,2.0,0.0,0.0,0.0,0.0,0.0,0.0,0.0,1.0,225,77
813,2015WASugglada01,507500,67.0,120.0,12.0,16.0,22.0,4.0,2.0,2.0,19.0,40.0,210,71
814,2015WASwerthja01,21000000,88.0,331.0,51.0,42.0,73.0,16.0,1.0,12.0,38.0,84.0,235,77
815,2015WASzimmejo02,16500000,33.0,63.0,4.0,3.0,10.0,1.0,0.0,0.0,0.0,18.0,225,74
816,2015WASzimmery01,14000000,95.0,346.0,43.0,73.0,86.0,25.0,1.0,16.0,33.0,79.0,215,75
