,salary,games,bats,runs,rbi,hits,doubles,triples,homeruns,walks,strike_outs,weight,height
0,508500,134.0,421.0,49.0,34.0,95.0,17.0,6.0,9.0,29.0,81.0,201,74
1,512500,28.0,48.0,0.0,3.0,5.0,0.0,0.0,0.0,1.0,23.0,210,73
2,507500,66.0,3.0,0.0,0.0,0.0,0.0,0.0,0.0,0.0,1.0,235,74
3,1400000,44.0,27.0,2.0,1.0,5.0,0.0,0.0,0.0,3.0,9.0,240,75
4,524000,16.0,25.0,1.0,3.0,3.0,0.0,0.0,0.0,3.0,11.0,220,76
5,516000,32.0,64.0,3.0,2.0,6.0,0.0,0.0,0.0,0.0,25.0,210,72
6,526000,64.0,1.0,0.0,0.0,0.0,0.0,0.0,0.0,0.0,1.0,220,76
7,3100000,159.0,567.0,103.0,110.0,182.0,38.0,2.0,33.0,118.0,151.0,220,75
8,514500,38.0,128.0,9.0,13.0,27.0,6.0,0.0,1.0,8.0,23.0,185,71
9,4275000,29.0,41.0,3.0,7.0,9.0,0.0,0.0,0.0,2.0,14.0,190,73
10,2000000,40.0,0.0,0.0,0.0,0.0,0.0,0.0,0.0,0.0,0.0,245,75
11,12000000,116.0,313.0,32.0,39.0,72.0,18.0,0.0,6.0,31.0,54.0,200,71
12,800000,64.0,1.0,0.0,0.0,0.0,0.0,0.0,0.0,0.0,1.0,215,75
13,513000,132.0,524.0,73.0,45.0,159.0,27.0,5.0,6.0,26.0,58.0,190,71
14,1000000,1.0,2.0,0.0,0.0,0.0,0.0,0.0,0.0,0.0,0.0,230,73
15,508500,107.0,350.0,38.0,34.0,92.0,15.0,5.0,6.0,36.0,97.0,215,75
16,512000,13.0,0.0,0.0,0.0,0.0,0.0,0.0,0.0,0.0,0.0,235,74
17,512500,147.0,515.0,59.0,43.0,117.0,27.0,5.0,4.0,26.0,144.0,185,70
18,900000,29.0,66.0,8.0,8.0,16.0,0.0,0.0,2.0,9.0,14.0,200,73
19,3275000,72.0,135.0,15.0,10.0,32.0,3.0,0.0,1.0,16.0,29.0,200,70
20,1024000,149.0,462.0,61.0,78.0,144.0,26.0,10.0,17.0,44.0,107.0,210,73
21,2500000,48.0,0.0,0.0,0.0,0.0,0.0,0.0,0.0,0.0,0.0,225,75
22,519500,157.0,609.0,111.0,76.0,192.0,39.0,6.0,20.0,53.0,89.0,210,73
23,4875000,38.0,2.0,0.0,0.0,0.0,0.0,0.0,0.0,0.0,0.0,230,76
24,600000,18.0,0.0,0.0,0.0,0.0,0.0,0.0,0.0,0.0,0.0,240,77
25,510500,11.0,0.0,0.0,0.0,0.0,0.0,0.0,0.0,0.0,0.0,205,71
26,5500000,118.0,406.0,40.0,48.0,111.0,19.0,3.0,9.0,17.0,110.0,260,74
27,6900000,46.0,174.0,23.0,23.0,45.0,10.0,3.0,9.0,10.0,39.0,225,76
28,5000000,66.0,0.0,0.0,0.0,0.0,0.0,0.0,0.0,0.0,0.0,220,76
29,530000,50.0,0.0,0.0,0.0,0.0,0.0,0.0,0.0,0.0,0.0,220,74
30,507500,48.0,155.0,16.0,12.0,31.0,8.0,0.0,2.0,5.0,33.0,205,75
31,12000000,15.0,5.0,0.0,0.0,1.0,0.0,0.0,0.0,0.0,2.0,223,76
32,3000000,37.0,107.0,12.0,8.0,22.0,2.0,0.0,1.0,14.0,10.0,210,68
34,507500,39.0,86.0,13.0,4.0,19.0,4.0,0.0,0.0,5.0,17.0,205,72
35,508750,18.0,28.0,0.0,3.0,2.0,1.0,0.0,0.0,0.0,19.0,195,76
36,8500000,118.0,416.0,62.0,66.0,115.0,27.0,0.0,18.0,56.0,98.0,220,77
37,4000000,83.0,195.0,27.0,22.0,43.0,7.0,0.0,7.0,28.0,67.0,230,73
38,507500,20.0,40.0,2.0,2.0,13.0,4.0,0.0,0.0,2.0,5.0,188,73
39,4250000,36.0,0.0,0.0,0.0,0.0,0.0,0.0,0.0,0.0,0.0,235,77
40,6000000,56.0,153.0,12.0,11.0,36.0,7.0,0.0,2.0,7.0,49.0,225,75
41,1600000,49.0,0.0,0.0,0.0,0.0,0.0,0.0,0.0,0.0,0.0,250,78
42,1500000,62.0,182.0,20.0,34.0,50.0,5.0,0.0,9.0,13.0,43.0,200,73
43,11000000,156.0,612.0,73.0,53.0,181.0,38.0,1.0,3.0,70.0,83.0,210,73
44,7000000,141.0,505.0,65.0,59.0,135.0,18.0,2.0,10.0,45.0,102.0,215,75
45,535000,33.0,56.0,1.0,0.0,3.0,2.0,0.0,0.0,4.0,29.0,225,75
46,507500,152.0,528.0,55.0,52.0,126.0,23.0,5.0,6.0,56.0,120.0,215,72
47,2000000,113.0,407.0,38.0,49.0,122.0,24.0,1.0,9.0,19.0,37.0,250,75
48,3000000,147.0,535.0,60.0,44.0,142.0,23.0,2.0,4.0,39.0,48.0,195,74
49,1000000,33.0,52.0,0.0,2.0,5.0,0.0,0.0,0.0,2.0,9.0,205,74
50,507500,28.0,56.0,5.0,4.0,12.0,4.0,1.0,1.0,3.0,14.0,200,73
51,520000,20.0,33.0,1.0,4.0,5.0,1.0,0.0,0.0,3.0,21.0,215,76
52,1000000,35.0,77.0,7.0,5.0,13.0,4.0,2.0,0.0,6.0,17.0,195,70
53,523000,62.0,0.0,0.0,0.0,0.0,0.0,0.0,0.0,0.0,0.0,215,78
54,3200000,64.0,0.0,0.0,0.0,0.0,0.0,0.0,0.0,0.0,0.0,200,73
55,2400000,29.0,96.0,7.0,4.0,20.0,2.0,0.0,0.0,5.0,22.0,190,70
56,4750000,31.0,0.0,0.0,0.0,0.0,0.0,0.0,0.0,0.0,0.0,200,72
57,514000,30.0,101.0,11.0,15.0,29.0,4.0,2.0,2.0,4.0,13.0,210,70
58,12000000,160.0,573.0,100.0,117.0,150.0,31.0,0.0,47.0,84.0,208.0,255,76
59,5000000,30.0,103.0,16.0,7.0,22.0,4.0,1.0,3.0,7.0,34.0,195,72
60,1075000,91.0,267.0,34.0,31.0,54.0,8.0,3.0,9.0,26.0,81.0,205,75
61,522000,25.0,0.0,0.0,0.0,0.0,0.0,0.0,0.0,0.0,0.0,190,74
62,3275000,26.0,1.0,0.0,0.0,0.0,0.0,0.0,0.0,0.0,0.0,180,73
63,11500000,114.0,411.0,45.0,37.0,90.0,14.0,0.0,8.0,20.0,88.0,200,73
64,4650000,39.0,0.0,0.0,0.0,0.0,0.0,0.0,0.0,0.0,0.0,250,75
65,12250000,32.0,8.0,0.0,2.0,2.0,0.0,0.0,0.0,0.0,4.0,221,77
66,13333333,137.0,546.0,74.0,82.0,147.0,25.0,3.0,27.0,24.0,102.0,215,74
67,515000,100.0,320.0,38.0,49.0,75.0,16.0,1.0,11.0,27.0,72.0,205,75
68,525500,84.0,134.0,14.0,12.0,27.0,1.0,1.0,4.0,5.0,36.0,175,70
69,548000,162.0,633.0,102.0,86.0,181.0,30.0,1.0,35.0,70.0,111.0,218,75
70,3200000,58.0,0.0,0.0,0.0,0.0,0.0,0.0,0.0,0.0,0.0,190,77
71,519000,30.0,0.0,0.0,0.0,0.0,0.0,0.0,0.0,0.0,0.0,200,75
72,8800000,18.0,4.0,0.0,0.0,0.0,0.0,0.0,0.0,0.0,1.0,215,72
73,4250000,68.0,0.0,0.0,0.0,0.0,0.0,0.0,0.0,0.0,0.0,220,76
74,515000,104.0,363.0,46.0,42.0,100.0,17.0,2.0,10.0,19.0,111.0,230,75
75,3700000,92.0,294.0,42.0,40.0,64.0,13.0,1.0,15.0,23.0,69.0,200,71
76,515000,86.0,305.0,34.0,39.0,85.0,17.0,0.0,15.0,9.0,79.0,247,73
77,2100000,69.0,211.0,23.0,20.0,50.0,9.0,2.0,3.0,23.0,56.0,230,72
78,4315000,31.0,2.0,0.0,0.0,0.0,0.0,0.0,0.0,0.0,2.0,200,77
79,8300000,75.0,258.0,24.0,25.0,69.0,14.0,1.0,8.0,21.0,67.0,235,77
80,2250000,52.0,174.0,20.0,16.0,47.0,6.0,0.0,2.0,4.0,29.0,240,75
81,508500,32.0,0.0,0.0,0.0,0.0,0.0,0.0,0.0,0.0,0.0,208,76
82,514500,145.0,597.0,92.0,77.0,174.0,42.0,8.0,18.0,46.0,82.0,180,69
83,543000,156.0,613.0,84.0,81.0,196.0,35.0,3.0,7.0,32.0,101.0,218,74
84,528000,74.0,221.0,43.0,43.0,55.0,17.0,4.0,10.0,27.0,69.0,196,70
85,2000000,45.0,0.0,0.0,0.0,0.0,0.0,0.0,0.0,0.0,0.0,190,72
86,12000000,18.0,6.0,0.0,0.0,0.0,0.0,0.0,0.0,0.0,2.0,190,75
87,11271000,80.0,273.0,35.0,29.0,69.0,10.0,2.0,5.0,13.0,54.0,207,69
88,508500,2.0,4.0,0.0,0.0,0.0,0.0,0.0,0.0,0.0,3.0,220,75
89,5500000,36.0,79.0,6.0,3.0,12.0,1.0,0.0,1.0,7.0,26.0,215,74
90,3500000,54.0,174.0,28.0,16.0,43.0,8.0,0.0,2.0,20.0,39.0,225,72
91,509500,22.0,0.0,0.0,0.0,0.0,0.0,0.0,0.0,0.0,0.0,220,76
92,530500,129.0,454.0,56.0,45.0,127.0,27.0,6.0,2.0,46.0,97.0,180,68
93,603000,25.0,5.0,0.0,1.0,1.0,0.0,0.0,0.0,0.0,2.0,174,73
94,557000,64.0,0.0,0.0,0.0,0.0,0.0,0.0,0.0,0.0,0.0,195,74
95,510400,41.0,114.0,8.0,3.0,21.0,2.0,0.0,0.0,7.0,28.0,235,70
96,9500000,18.0,3.0,0.0,1.0,2.0,0.0,0.0,0.0,0.0,1.0,260,78
97,3666000,32.0,2.0,0.0,0.0,0.0,0.0,0.0,0.0,0.0,0.0,220,74
98,4750000,11.0,0.0,0.0,0.0,0.0,0.0,0.0,0.0,0.0,0.0,220,75
99,16000000,98.0,329.0,37.0,40.0,68.0,18.0,1.0,13.0,45.0,99.0,225,73
100,1850000,29.0,66.0,6.0,7.0,10.0,2.0,0.0,0.0,8.0,17.0,195,70
101,1500000,64.0,0.0,0.0,0.0,0.0,0.0,0.0,0.0,0.0,0.0,200,76
102,16000000,146.0,528.0,73.0,108.0,144.0,37.0,0.0,37.0,77.0,95.0,230,75
103,12500000,93.0,381.0,46.0,42.0,111.0,19.0,1.0,12.0,38.0,51.0,170,69
104,12500000,28.0,2.0,0.0,0.0,0.0,0.0,0.0,0.0,0.0,2.0,205,77
105,19750000,105.0,401.0,59.0,53.0,100.0,12.0,1.0,19.0,21.0,71.0,235,74
106,566500,54.0,0.0,0.0,0.0,0.0,0.0,0.0,0.0,0.0,0.0,215,71
107,17600000,126.0,470.0,43.0,47.0,115.0,25.0,1.0,10.0,25.0,73.0,268,70
108,2250000,61.0,0.0,0.0,0.0,0.0,0.0,0.0,0.0,0.0,0.0,200,71
109,9000000,43.0,0.0,0.0,0.0,0.0,0.0,0.0,0.0,0.0,0.0,195,74
110,576500,9.0,0.0,0.0,0.0,0.0,0.0,0.0,0.0,0.0,0.0,190,72
111,13000000,33.0,94.0,10.0,4.0,23.0,2.0,0.0,1.0,9.0,14.0,190,69
112,510500,16.0,1.0,0.0,0.0,0.0,0.0,0.0,0.0,0.0,0.0,215,74
113,8666000,154.0,613.0,88.0,101.0,178.0,34.0,3.0,30.0,39.0,140.0,235,75
114,1500000,30.0,0.0,0.0,0.0,0.0,0.0,0.0,0.0,0.0,0.0,225,73
115,2000000,100.0,211.0,24.0,20.0,44.0,8.0,0.0,6.0,19.0,43.0,188,72
116,3000000,47.0,78.0,5.0,4.0,13.0,2.0,0.0,0.0,2.0,27.0,200,70
117,13000000,158.0,629.0,70.0,77.0,172.0,36.0,2.0,12.0,40.0,88.0,210,70
118,15750000,30.0,0.0,0.0,0.0,0.0,0.0,0.0,0.0,0.0,0.0,210,73
119,518200,3.0,0.0,0.0,0.0,0.0,0.0,0.0,0.0,0.0,0.0,205,74
120,4500000,71.0,0.0,0.0,0.0,0.0,0.0,0.0,0.0,0.0,0.0,210,74
121,850000,153.0,610.0,98.0,56.0,175.0,28.0,9.0,14.0,58.0,131.0,180,69
122,2675000,112.0,331.0,21.0,39.0,79.0,12.0,0.0,9.0,21.0,104.0,260,76
123,523000,148.0,553.0,66.0,59.0,142.0,17.0,2.0,13.0,36.0,141.0,250,76
124,550000,58.0,173.0,10.0,15.0,41.0,11.0,1.0,3.0,9.0,34.0,195,73
125,937500,3.0,0.0,0.0,0.0,0.0,0.0,0.0,0.0,0.0,0.0,215,73
126,523000,53.0,0.0,0.0,0.0,0.0,0.0,0.0,0.0,0.0,0.0,215,75
127,660000,19.0,0.0,0.0,0.0,0.0,0.0,0.0,0.0,0.0,0.0,230,77
128,12000000,127.0,429.0,41.0,44.0,89.0,21.0,0.0,12.0,49.0,133.0,205,74
129,1950000,10.0,0.0,0.0,0.0,0.0,0.0,0.0,0.0,0.0,0.0,220,76
130,520000,62.0,0.0,0.0,0.0,0.0,0.0,0.0,0.0,0.0,0.0,218,76
131,525000,49.0,0.0,0.0,0.0,0.0,0.0,0.0,0.0,0.0,0.0,220,74
132,3400000,32.0,8.0,0.0,0.0,0.0,0.0,0.0,0.0,0.0,5.0,220,73
133,10000000,154.0,583.0,54.0,62.0,145.0,33.0,0.0,10.0,31.0,68.0,180,74
134,10000000,60.0,0.0,0.0,0.0,0.0,0.0,0.0,0.0,0.0,0.0,195,71
135,6000000,31.0,9.0,1.0,0.0,1.0,0.0,0.0,0.0,0.0,4.0,183,78
136,9800000,32.0,2.0,0.0,0.0,1.0,0.0,0.0,0.0,0.0,1.0,233,76
137,510000,120.0,389.0,40.0,31.0,87.0,23.0,1.0,5.0,19.0,81.0,210,72
138,516000,79.0,143.0,15.0,15.0,38.0,8.0,2.0,0.0,16.0,16.0,195,71
139,1500000,78.0,187.0,20.0,21.0,41.0,8.0,0.0,9.0,21.0,63.0,225,73
140,510000,11.0,26.0,5.0,1.0,2.0,0.0,0.0,0.0,5.0,11.0,170,70
141,3630000,33.0,79.0,5.0,2.0,12.0,1.0,1.0,2.0,1.0,45.0,230,76
142,508000,3.0,3.0,0.0,0.0,1.0,1.0,0.0,0.0,0.0,1.0,225,77
143,2100000,24.0,43.0,5.0,5.0,7.0,2.0,0.0,2.0,3.0,12.0,215,70
144,6857143,151.0,547.0,52.0,69.0,145.0,23.0,2.0,11.0,21.0,91.0,218,74
145,2505000,148.0,440.0,64.0,41.0,110.0,25.0,6.0,16.0,58.0,94.0,195,72
146,2250000,16.0,0.0,0.0,0.0,0.0,0.0,0.0,0.0,0.0,0.0,210,73
147,2600000,103.0,212.0,18.0,18.0,57.0,11.0,1.0,3.0,15.0,56.0,195,72
148,9500000,156.0,596.0,102.0,46.0,149.0,29.0,8.0,17.0,84.0,154.0,205,77
149,531500,62.0,1.0,0.0,0.0,0.0,0.0,0.0,0.0,0.0,1.0,210,75
150,9000000,32.0,65.0,6.0,4.0,11.0,1.0,0.0,0.0,1.0,18.0,225,78
151,510000,32.0,60.0,2.0,1.0,3.0,1.0,0.0,0.0,1.0,24.0,190,75
152,900000,73.0,126.0,14.0,14.0,29.0,5.0,1.0,2.0,2.0,23.0,180,69
153,13000000,23.0,0.0,0.0,0.0,0.0,0.0,0.0,0.0,0.0,0.0,215,74
154,513000,33.0,67.0,4.0,11.0,18.0,6.0,0.0,1.0,5.0,7.0,180,71
155,20000000,32.0,62.0,6.0,0.0,4.0,0.0,0.0,0.0,3.0,30.0,249,76
156,12000000,113.0,347.0,36.0,53.0,86.0,11.0,0.0,15.0,49.0,103.0,221,71
157,4500000,57.0,0.0,0.0,0.0,0.0,0.0,0.0,0.0,0.0,0.0,205,72
158,520000,6.0,15.0,1.0,1.0,2.0,0.0,0.0,1.0,0.0,6.0,210,74
159,514500,19.0,0.0,0.0,0.0,0.0,0.0,0.0,0.0,0.0,0.0,215,76
160,5000000,160.0,586.0,94.0,101.0,163.0,38.0,3.0,31.0,78.0,105.0,240,75
161,544000,72.0,0.0,0.0,0.0,0.0,0.0,0.0,0.0,0.0,0.0,225,75
162,2500000,72.0,159.0,6.0,9.0,28.0,9.0,0.0,1.0,20.0,61.0,230,74
163,2666667,101.0,366.0,39.0,47.0,96.0,18.0,1.0,10.0,32.0,121.0,235,76
164,2525000,76.0,0.0,0.0,0.0,0.0,0.0,0.0,0.0,0.0,0.0,220,73
165,508500,47.0,72.0,5.0,8.0,16.0,5.0,0.0,1.0,6.0,15.0,200,72
166,4000000,8.0,8.0,1.0,0.0,0.0,0.0,0.0,0.0,1.0,5.0,180,71
167,5686000,60.0,30.0,0.0,2.0,3.0,0.0,0.0,0.0,2.0,16.0,175,71
168,1000000,68.0,1.0,0.0,0.0,0.0,0.0,0.0,0.0,0.0,0.0,205,77
169,10000000,2.0,4.0,0.0,0.0,0.0,0.0,0.0,0.0,0.0,1.0,223,76
170,1250000,51.0,89.0,4.0,5.0,13.0,2.0,0.0,1.0,4.0,30.0,225,76
171,522500,68.0,196.0,28.0,14.0,47.0,5.0,2.0,3.0,14.0,33.0,195,69
172,12000000,157.0,580.0,72.0,87.0,131.0,35.0,4.0,26.0,58.0,145.0,230,75
173,8000000,96.0,359.0,46.0,42.0,85.0,13.0,3.0,19.0,23.0,101.0,245,72
174,8050000,65.0,1.0,1.0,0.0,0.0,0.0,0.0,0.0,0.0,0.0,218,76
175,525500,35.0,2.0,1.0,1.0,0.0,0.0,0.0,0.0,0.0,1.0,217,76
176,2350000,53.0,194.0,28.0,28.0,50.0,10.0,1.0,9.0,14.0,29.0,204,72
177,10000000,19.0,37.0,1.0,0.0,6.0,0.0,0.0,0.0,1.0,10.0,229,71
178,507500,31.0,58.0,1.0,3.0,9.0,1.0,0.0,0.0,3.0,33.0,195,74
179,510000,61.0,0.0,0.0,0.0,0.0,0.0,0.0,0.0,0.0,0.0,315,76
180,4500000,157.0,619.0,82.0,89.0,158.0,43.0,1.0,35.0,44.0,137.0,215,75
181,1500000,11.0,0.0,0.0,0.0,0.0,0.0,0.0,0.0,0.0,0.0,245,78
182,545000,114.0,412.0,56.0,28.0,93.0,8.0,3.0,4.0,28.0,75.0,160,72
183,535000,67.0,0.0,0.0,0.0,0.0,0.0,0.0,0.0,0.0,0.0,240,75
184,1714286,18.0,30.0,0.0,1.0,2.0,0.0,1.0,0.0,0.0,13.0,190,74
185,9775000,25.0,52.0,3.0,5.0,7.0,3.0,0.0,1.0,0.0,25.0,165,70
186,1850000,19.0,1.0,0.0,0.0,0.0,0.0,0.0,0.0,0.0,0.0,210,72
187,1500000,10.0,16.0,2.0,1.0,3.0,1.0,0.0,0.0,0.0,4.0,220,73
188,2525000,23.0,45.0,2.0,2.0,8.0,1.0,1.0,0.0,5.0,9.0,229,73
189,512500,43.0,93.0,5.0,2.0,13.0,2.0,0.0,0.0,9.0,23.0,190,72
190,3500000,40.0,0.0,0.0,0.0,0.0,0.0,0.0,0.0,0.0,0.0,215,75
191,1400000,108.0,333.0,17.0,18.0,91.0,17.0,0.0,0.0,29.0,34.0,240,69
192,12000000,148.0,588.0,69.0,70.0,173.0,19.0,2.0,12.0,27.0,68.0,211,72
193,2500000,131.0,244.0,23.0,21.0,59.0,20.0,0.0,1.0,23.0,51.0,185,70
194,14000000,158.0,545.0,95.0,80.0,171.0,33.0,2.0,29.0,143.0,135.0,220,74
195,507700,28.0,1.0,0.0,0.0,0.0,0.0,0.0,0.0,0.0,0.0,205,71
196,547100,70.0,0.0,0.0,0.0,0.0,0.0,0.0,0.0,0.0,0.0,210,73
197,900000,23.0,0.0,0.0,0.0,0.0,0.0,0.0,0.0,0.0,0.0,200,74
198,3500000,98.0,290.0,37.0,17.0,67.0,10.0,0.0,5.0,20.0,38.0,205,70
199,1940000,31.0,6.0,0.0,0.0,1.0,0.0,0.0,0.0,1.0,1.0,205,73
200,13500000,95.0,289.0,29.0,19.0,71.0,12.0,1.0,0.0,29.0,76.0,190,71
201,5875000,137.0,529.0,68.0,84.0,164.0,45.0,0.0,15.0,60.0,51.0,209,74
202,2337500,30.0,1.0,0.0,0.0,1.0,0.0,0.0,0.0,0.0,0.0,224,76
203,2250000,106.0,333.0,38.0,44.0,82.0,19.0,1.0,7.0,23.0,69.0,190,74
204,510900,31.0,0.0,0.0,0.0,0.0,0.0,0.0,0.0,0.0,0.0,180,74
205,4000000,7.0,0.0,0.0,0.0,0.0,0.0,0.0,0.0,0.0,0.0,245,76
206,1000000,95.0,363.0,38.0,45.0,84.0,22.0,0.0,12.0,13.0,104.0,212,74
207,517100,36.0,0.0,0.0,0.0,0.0,0.0,0.0,0.0,0.0,0.0,230,77
208,511900,4.0,0.0,0.0,0.0,0.0,0.0,0.0,0.0,0.0,0.0,205,73
209,4166666,141.0,565.0,86.0,52.0,171.0,43.0,7.0,9.0,57.0,107.0,200,71
210,1200000,32.0,6.0,0.0,0.0,0.0,0.0,0.0,0.0,0.0,3.0,215,76
211,520400,61.0,0.0,0.0,0.0,0.0,0.0,0.0,0.0,0.0,0.0,240,78
212,6500000,94.0,337.0,36.0,50.0,73.0,17.0,1.0,15.0,32.0,106.0,210,73
213,6000000,84.0,206.0,22.0,27.0,61.0,12.0,1.0,5.0,16.0,29.0,210,75
214,508600,70.0,184.0,30.0,21.0,42.0,9.0,1.0,7.0,33.0,64.0,220,71
215,2500000,82.0,173.0,22.0,29.0,52.0,16.0,1.0,8.0,23.0,44.0,185,72
216,511300,97.0,315.0,50.0,27.0,69.0,14.0,3.0,6.0,32.0,39.0,190,69
217,2400000,45.0,0.0,0.0,0.0,0.0,0.0,0.0,0.0,0.0,0.0,220,74
218,6000000,154.0,550.0,72.0,85.0,127.0,29.0,2.0,19.0,108.0,122.0,215,71
219,1550000,74.0,0.0,0.0,0.0,0.0,0.0,0.0,0.0,0.0,0.0,226,73
220,900000,10.0,0.0,0.0,0.0,0.0,0.0,0.0,0.0,0.0,0.0,215,76
221,15000000,30.0,101.0,6.0,8.0,20.0,4.0,0.0,2.0,8.0,24.0,195,72
222,1500000,10.0,0.0,0.0,0.0,0.0,0.0,0.0,0.0,0.0,0.0,190,73
223,509600,12.0,30.0,0.0,3.0,4.0,0.0,0.0,0.0,0.0,15.0,210,74
224,512500,157.0,616.0,97.0,130.0,177.0,43.0,4.0,42.0,34.0,110.0,215,74
225,2600000,60.0,0.0,0.0,0.0,0.0,0.0,0.0,0.0,0.0,0.0,234,77
226,1000000,45.0,0.0,0.0,0.0,0.0,0.0,0.0,0.0,0.0,0.0,215,74
227,517500,157.0,614.0,93.0,58.0,176.0,31.0,9.0,17.0,46.0,112.0,221,75
228,1400000,17.0,0.0,0.0,0.0,0.0,0.0,0.0,0.0,0.0,0.0,205,72
229,509500,36.0,0.0,0.0,0.0,0.0,0.0,0.0,0.0,0.0,0.0,205,75
230,509500,16.0,23.0,0.0,0.0,1.0,0.0,0.0,0.0,0.0,13.0,180,74
231,12500000,26.0,48.0,0.0,3.0,3.0,0.0,0.0,0.0,0.0,18.0,215,73
232,1500000,101.0,185.0,22.0,22.0,38.0,3.0,2.0,5.0,20.0,45.0,190,70
233,512500,65.0,224.0,30.0,31.0,68.0,18.0,2.0,10.0,10.0,56.0,200,73
234,512500,68.0,3.0,0.0,0.0,0.0,0.0,0.0,0.0,0.0,0.0,222,76
235,16000000,153.0,554.0,87.0,97.0,150.0,25.0,2.0,40.0,46.0,133.0,220,73
236,2250000,24.0,1.0,0.0,0.0,0.0,0.0,0.0,0.0,0.0,1.0,220,77
237,3100000,103.0,366.0,45.0,43.0,110.0,21.0,5.0,10.0,21.0,76.0,203,72
238,5500000,27.0,43.0,6.0,2.0,8.0,2.0,0.0,1.0,3.0,16.0,220,75
239,517500,150.0,564.0,85.0,61.0,170.0,21.0,5.0,6.0,50.0,107.0,220,76
240,5500000,60.0,0.0,0.0,0.0,0.0,0.0,0.0,0.0,0.0,0.0,215,77
241,2475000,11.0,19.0,0.0,0.0,0.0,0.0,0.0,0.0,0.0,11.0,230,77
242,509500,6.0,8.0,3.0,0.0,3.0,1.0,0.0,0.0,0.0,1.0,230,75
243,1087600,58.0,127.0,20.0,17.0,26.0,7.0,3.0,4.0,22.0,41.0,205,70
244,6750000,49.0,168.0,19.0,15.0,52.0,10.0,3.0,3.0,13.0,25.0,220,76
245,1300000,10.0,0.0,0.0,0.0,0.0,0.0,0.0,0.0,0.0,0.0,246,77
246,2800000,87.0,231.0,22.0,29.0,62.0,14.0,1.0,6.0,8.0,56.0,225,71
247,5825000,51.0,102.0,14.0,10.0,22.0,3.0,2.0,5.0,9.0,50.0,205,76
248,20000000,87.0,323.0,46.0,53.0,97.0,19.0,0.0,12.0,24.0,72.0,205,75
249,1725000,67.0,0.0,0.0,0.0,0.0,0.0,0.0,0.0,0.0,0.0,195,72
250,5400000,67.0,178.0,21.0,13.0,34.0,5.0,0.0,4.0,40.0,66.0,228,71
251,22000000,119.0,429.0,64.0,76.0,145.0,28.0,1.0,18.0,77.0,82.0,267,76
252,525000,154.0,549.0,42.0,73.0,140.0,33.0,6.0,15.0,39.0,152.0,203,76
253,10500000,102.0,403.0,62.0,61.0,118.0,28.0,2.0,18.0,19.0,87.0,225,71
254,1000000,30.0,0.0,0.0,0.0,0.0,0.0,0.0,0.0,0.0,0.0,245,75
255,5000000,112.0,341.0,55.0,30.0,88.0,16.0,11.0,8.0,22.0,76.0,195,70
256,1000000,48.0,0.0,0.0,0.0,0.0,0.0,0.0,0.0,0.0,0.0,218,75
257,515000,140.0,485.0,73.0,26.0,123.0,24.0,8.0,5.0,45.0,145.0,200,72
258,515000,18.0,5.0,0.0,0.0,0.0,0.0,0.0,0.0,0.0,5.0,200,76
259,1443750,120.0,416.0,44.0,23.0,125.0,17.0,3.0,2.0,25.0,44.0,195,71
260,16000000,154.0,624.0,94.0,73.0,185.0,35.0,7.0,11.0,43.0,80.0,200,72
261,515000,33.0,0.0,0.0,0.0,0.0,0.0,0.0,0.0,0.0,0.0,210,73
262,3000000,158.0,596.0,93.0,102.0,168.0,33.0,2.0,38.0,53.0,178.0,230,75
263,14000000,120.0,440.0,39.0,64.0,108.0,20.0,0.0,11.0,31.0,52.0,235,74
264,507500,114.0,401.0,32.0,41.0,106.0,18.0,5.0,7.0,16.0,90.0,220,75
265,10000000,1.0,0.0,0.0,0.0,0.0,0.0,0.0,0.0,0.0,0.0,230,76
266,508500,22.0,33.0,1.0,0.0,2.0,0.0,0.0,0.0,1.0,11.0,213,73
267,19750000,21.0,5.0,0.0,0.0,0.0,0.0,0.0,0.0,0.0,3.0,215,77
268,520000,109.0,184.0,25.0,15.0,47.0,5.0,0.0,2.0,11.0,46.0,190,73
269,510000,35.0,0.0,0.0,0.0,0.0,0.0,0.0,0.0,0.0,0.0,275,75
270,16800000,25.0,4.0,0.0,0.0,0.0,0.0,0.0,0.0,0.0,4.0,205,72
271,5550000,31.0,5.0,0.0,0.0,0.0,0.0,0.0,0.0,0.0,2.0,265,78
272,7000000,43.0,0.0,0.0,0.0,0.0,0.0,0.0,0.0,0.0,0.0,205,75
273,28000000,20.0,0.0,0.0,0.0,0.0,0.0,0.0,0.0,0.0,0.0,235,77
274,2500000,154.0,638.0,86.0,66.0,200.0,40.0,4.0,15.0,33.0,67.0,166,66
275,2650000,20.0,2.0,1.0,0.0,0.0,0.0,0.0,0.0,1.0,2.0,270,76
276,4175000,129.0,391.0,50.0,64.0,78.0,17.0,0.0,24.0,57.0,151.0,245,76
277,4000000,104.0,337.0,38.0,31.0,71.0,19.0,0.0,11.0,33.0,115.0,215,75
278,1075000,73.0,201.0,25.0,33.0,46.0,11.0,0.0,11.0,23.0,63.0,220,74
279,525100,9.0,0.0,0.0,0.0,0.0,0.0,0.0,0.0,0.0,0.0,210,75
280,10000000,18.0,2.0,0.0,0.0,1.0,0.0,0.0,0.0,0.0,1.0,225,78
281,516700,54.0,0.0,0.0,0.0,0.0,0.0,0.0,0.0,0.0,0.0,191,72
282,526500,153.0,566.0,66.0,88.0,139.0,20.0,11.0,27.0,30.0,119.0,270,76
283,1062500,120.0,344.0,44.0,34.0,96.0,18.0,1.0,12.0,16.0,74.0,205,73
284,6000000,64.0,0.0,0.0,0.0,0.0,0.0,0.0,0.0,0.0,0.0,205,75
285,515000,24.0,49.0,7.0,5.0,7.0,2.0,0.0,1.0,5.0,17.0,209,72
286,513900,68.0,1.0,0.0,0.0,0.0,0.0,0.0,0.0,0.0,1.0,236,76
287,524500,33.0,5.0,0.0,0.0,1.0,0.0,0.0,0.0,0.0,4.0,205,74
288,8000000,69.0,230.0,35.0,30.0,51.0,14.0,0.0,9.0,28.0,43.0,180,72
289,511200,133.0,339.0,46.0,36.0,80.0,15.0,4.0,9.0,18.0,105.0,220,76
290,516300,32.0,8.0,1.0,0.0,1.0,0.0,0.0,0.0,0.0,4.0,191,74
291,5500000,66.0,0.0,0.0,0.0,0.0,0.0,0.0,0.0,0.0,0.0,220,75
292,515800,8.0,0.0,0.0,0.0,0.0,0.0,0.0,0.0,1.0,0.0,225,73
293,515800,1.0,0.0,0.0,0.0,0.0,0.0,0.0,0.0,0.0,0.0,207,73
294,1000000,8.0,12.0,1.0,1.0,3.0,0.0,0.0,0.0,1.0,5.0,195,70
295,3000000,60.0,0.0,0.0,0.0,0.0,0.0,0.0,0.0,0.0,0.0,235,76
296,8000000,137.0,432.0,67.0,61.0,103.0,23.0,2.0,25.0,47.0,154.0,195,74
297,2000000,19.0,47.0,6.0,6.0,9.0,2.0,0.0,1.0,10.0,17.0,230,74
298,2400000,60.0,0.0,0.0,0.0,0.0,0.0,0.0,0.0,0.0,0.0,190,72
299,512900,102.0,388.0,59.0,41.0,107.0,19.0,2.0,16.0,50.0,109.0,221,75
300,1000000,43.0,0.0,0.0,0.0,0.0,0.0,0.0,0.0,0.0,0.0,230,74
301,4200000,132.0,434.0,62.0,56.0,97.0,18.0,0.0,25.0,50.0,106.0,215,70
302,2725000,140.0,551.0,101.0,72.0,169.0,34.0,6.0,16.0,37.0,98.0,214,74
303,725000,4.0,0.0,0.0,0.0,0.0,0.0,0.0,0.0,0.0,0.0,205,76
304,509525,43.0,107.0,8.0,6.0,31.0,5.0,0.0,0.0,11.0,17.0,215,70
305,7000000,69.0,0.0,0.0,0.0,0.0,0.0,0.0,0.0,0.0,0.0,225,77
306,2425000,30.0,0.0,0.0,0.0,0.0,0.0,0.0,0.0,0.0,0.0,205,75
307,1225000,90.0,200.0,31.0,18.0,50.0,8.0,6.0,2.0,14.0,37.0,165,69
308,3000000,148.0,612.0,76.0,47.0,157.0,20.0,5.0,3.0,26.0,75.0,205,73
309,1250000,26.0,0.0,0.0,0.0,0.0,0.0,0.0,0.0,0.0,0.0,180,69
310,12500000,104.0,354.0,40.0,48.0,96.0,18.0,0.0,13.0,49.0,92.0,220,73
311,9000000,30.0,4.0,0.0,0.0,1.0,0.0,0.0,0.0,0.0,0.0,205,73
312,1600000,72.0,0.0,0.0,0.0,0.0,0.0,0.0,0.0,0.0,0.0,220,70
313,4000000,50.0,0.0,0.0,0.0,0.0,0.0,0.0,0.0,0.0,0.0,225,77
314,8250000,48.0,0.0,0.0,0.0,0.0,0.0,0.0,0.0,0.0,0.0,210,70
315,5650000,158.0,599.0,98.0,93.0,178.0,33.0,5.0,18.0,61.0,108.0,226,76
316,7500000,124.0,440.0,39.0,44.0,97.0,23.0,7.0,2.0,9.0,69.0,195,71
317,532500,4.0,4.0,0.0,1.0,0.0,0.0,0.0,0.0,0.0,2.0,250,76
318,850000,68.0,0.0,0.0,0.0,0.0,0.0,0.0,0.0,0.0,0.0,234,78
319,2000000,15.0,0.0,1.0,0.0,0.0,0.0,0.0,0.0,0.0,0.0,190,70
320,1850000,67.0,0.0,0.0,0.0,0.0,0.0,0.0,0.0,0.0,0.0,210,73
321,6500000,158.0,569.0,81.0,106.0,165.0,41.0,2.0,22.0,58.0,103.0,242,73
322,2640000,147.0,549.0,73.0,82.0,156.0,34.0,1.0,22.0,43.0,76.0,225,72
323,1750000,142.0,531.0,52.0,70.0,138.0,25.0,0.0,21.0,13.0,82.0,255,75
324,11000000,105.0,385.0,40.0,32.0,98.0,22.0,2.0,4.0,15.0,67.0,210,77
325,8500000,9.0,0.0,0.0,0.0,0.0,0.0,0.0,0.0,0.0,0.0,215,72
326,950000,28.0,6.0,0.0,0.0,0.0,0.0,0.0,0.0,0.0,5.0,195,72
327,7500000,34.0,6.0,0.0,0.0,0.0,0.0,0.0,0.0,0.0,4.0,220,72
328,675000,34.0,4.0,0.0,3.0,2.0,0.0,0.0,0.0,0.0,1.0,255,82
329,509500,64.0,0.0,0.0,0.0,0.0,0.0,0.0,0.0,0.0,0.0,195,71
330,8500000,156.0,597.0,74.0,44.0,161.0,30.0,1.0,3.0,25.0,73.0,195,70
331,987500,10.0,21.0,3.0,0.0,4.0,0.0,0.0,0.0,0.0,2.0,212,73
332,537500,159.0,630.0,78.0,83.0,161.0,23.0,2.0,26.0,45.0,164.0,205,70
333,995000,55.0,69.0,10.0,2.0,13.0,2.0,1.0,1.0,4.0,19.0,190,69
334,512500,113.0,378.0,37.0,51.0,99.0,17.0,1.0,16.0,17.0,82.0,235,76
335,6425000,121.0,424.0,53.0,56.0,109.0,27.0,0.0,14.0,31.0,107.0,213,74
336,516250,129.0,453.0,51.0,49.0,123.0,25.0,5.0,4.0,32.0,59.0,185,68
337,5525000,92.0,272.0,28.0,34.0,51.0,10.0,0.0,10.0,41.0,83.0,230,72
338,4750000,93.0,247.0,17.0,21.0,43.0,12.0,1.0,5.0,30.0,67.0,194,74
339,514000,47.0,0.0,0.0,0.0,0.0,0.0,0.0,0.0,0.0,0.0,220,76
340,511000,54.0,83.0,9.0,5.0,21.0,4.0,0.0,0.0,5.0,16.0,210,72
341,525415,10.0,22.0,4.0,1.0,3.0,2.0,0.0,0.0,2.0,9.0,225,75
342,1150000,19.0,0.0,0.0,0.0,0.0,0.0,0.0,0.0,0.0,0.0,210,72
343,24000000,157.0,602.0,85.0,95.0,147.0,22.0,0.0,40.0,50.0,72.0,235,75
344,1312000,65.0,0.0,0.0,0.0,0.0,0.0,0.0,0.0,0.0,0.0,200,74
345,513000,16.0,1.0,0.0,0.0,0.0,0.0,0.0,0.0,0.0,0.0,200,72
346,3200000,32.0,0.0,0.0,0.0,0.0,0.0,0.0,0.0,0.0,0.0,210,74
347,511250,37.0,75.0,10.0,7.0,21.0,2.0,0.0,0.0,2.0,7.0,200,71
348,1370000,72.0,0.0,0.0,0.0,0.0,0.0,0.0,0.0,0.0,0.0,200,74
349,2290000,33.0,5.0,0.0,0.0,1.0,0.0,0.0,0.0,0.0,3.0,215,72
350,517500,25.0,1.0,0.0,0.0,0.0,0.0,0.0,0.0,1.0,0.0,225,74
351,5250000,70.0,0.0,0.0,0.0,0.0,0.0,0.0,0.0,0.0,0.0,211,74
352,7000000,62.0,0.0,0.0,0.0,0.0,0.0,0.0,0.0,0.0,0.0,205,72
353,6083000,159.0,575.0,104.0,90.0,172.0,32.0,6.0,41.0,92.0,158.0,235,74
354,18000000,26.0,2.0,0.0,0.0,0.0,0.0,0.0,0.0,0.0,1.0,210,79
355,18000000,21.0,6.0,0.0,0.0,2.0,0.0,0.0,0.0,0.0,1.0,210,73
356,10000000,31.0,47.0,1.0,3.0,4.0,1.0,0.0,0.0,5.0,32.0,230,76
357,512500,52.0,0.0,0.0,0.0,0.0,0.0,0.0,0.0,0.0,0.0,232,72
358,2525000,2.0,4.0,0.0,0.0,0.0,0.0,0.0,0.0,0.0,0.0,180,70
359,2750000,2.0,2.0,0.0,0.0,0.0,0.0,0.0,0.0,0.0,1.0,220,74
360,21357000,69.0,181.0,19.0,16.0,48.0,9.0,2.0,4.0,10.0,41.0,230,74
361,4250000,63.0,181.0,24.0,21.0,43.0,9.0,0.0,7.0,32.0,38.0,225,74
362,18000000,142.0,395.0,54.0,53.0,116.0,20.0,7.0,14.0,43.0,75.0,210,74
363,510000,59.0,0.0,0.0,0.0,0.0,0.0,0.0,0.0,0.0,0.0,228,74
364,21857000,156.0,571.0,76.0,90.0,157.0,33.0,0.0,28.0,62.0,107.0,215,74
365,693000,115.0,355.0,43.0,47.0,83.0,12.0,0.0,16.0,65.0,92.0,225,74
366,25000000,32.0,67.0,8.0,3.0,15.0,2.0,0.0,2.0,1.0,14.0,200,74
367,6500000,106.0,219.0,25.0,36.0,51.0,9.0,1.0,11.0,7.0,57.0,220,73
368,522500,49.0,1.0,0.0,0.0,0.0,0.0,0.0,0.0,0.0,0.0,200,73
369,2160000,33.0,55.0,8.0,9.0,10.0,2.0,0.0,2.0,15.0,17.0,220,73
370,4000000,65.0,0.0,0.0,0.0,0.0,0.0,0.0,0.0,0.0,0.0,180,72
371,7425000,54.0,0.0,0.0,0.0,0.0,0.0,0.0,0.0,0.0,0.0,265,77
372,9500000,117.0,464.0,64.0,54.0,137.0,22.0,2.0,9.0,27.0,82.0,225,71
373,32571000,34.0,71.0,2.0,2.0,9.0,2.0,0.0,0.0,2.0,23.0,225,76
374,12500000,4.0,6.0,0.0,1.0,0.0,0.0,0.0,0.0,1.0,5.0,225,80
375,2300000,54.0,1.0,0.0,0.0,0.0,0.0,0.0,0.0,0.0,0.0,250,76
376,510000,151.0,480.0,67.0,54.0,101.0,19.0,1.0,26.0,92.0,170.0,220,73
377,2500000,33.0,1.0,0.0,0.0,0.0,0.0,0.0,0.0,0.0,1.0,210,70
378,6214000,79.0,282.0,30.0,38.0,72.0,12.0,3.0,11.0,26.0,66.0,240,74
379,522500,18.0,0.0,0.0,0.0,0.0,0.0,0.0,0.0,0.0,0.0,220,75
380,11000000,144.0,517.0,71.0,41.0,116.0,24.0,3.0,13.0,44.0,86.0,175,67
381,2500000,126.0,385.0,55.0,60.0,113.0,26.0,1.0,16.0,36.0,71.0,202,71
382,6500000,29.0,81.0,6.0,6.0,20.0,2.0,0.0,1.0,5.0,9.0,245,72
383,522500,96.0,222.0,19.0,30.0,53.0,14.0,0.0,6.0,23.0,62.0,215,76
384,590000,2.0,1.0,0.0,0.0,0.0,0.0,0.0,0.0,0.0,1.0,205,74
385,4000000,4.0,6.0,1.0,1.0,2.0,1.0,0.0,0.0,0.0,1.0,205,72
386,2100000,41.0,72.0,11.0,8.0,15.0,3.0,0.0,3.0,8.0,25.0,220,74
387,6650000,32.0,0.0,0.0,0.0,0.0,0.0,0.0,0.0,0.0,0.0,215,78
388,540000,15.0,17.0,0.0,1.0,1.0,0.0,0.0,0.0,0.0,8.0,206,75
389,2350000,72.0,1.0,0.0,0.0,1.0,0.0,0.0,0.0,0.0,0.0,212,72
390,507500,44.0,0.0,0.0,0.0,0.0,0.0,0.0,0.0,0.0,0.0,212,73
391,651000,11.0,18.0,2.0,2.0,3.0,1.0,0.0,1.0,0.0,4.0,240,75
392,2500000,145.0,615.0,88.0,46.0,205.0,24.0,8.0,4.0,25.0,91.0,166,71
393,520000,38.0,17.0,1.0,2.0,2.0,0.0,0.0,0.0,0.0,5.0,224,75
394,10000000,22.0,32.0,3.0,4.0,5.0,1.0,0.0,0.0,2.0,12.0,215,77
395,1925000,130.0,470.0,54.0,48.0,132.0,17.0,6.0,5.0,23.0,78.0,195,72
396,1250000,2.0,1.0,0.0,0.0,0.0,0.0,0.0,0.0,0.0,0.0,215,76
397,555000,32.0,50.0,2.0,1.0,6.0,1.0,0.0,0.0,2.0,28.0,235,74
398,9400000,16.0,18.0,0.0,1.0,5.0,0.0,0.0,0.0,0.0,6.0,245,78
399,1500000,32.0,93.0,9.0,12.0,15.0,4.0,1.0,2.0,7.0,24.0,205,72
400,531500,67.0,0.0,0.0,0.0,0.0,0.0,0.0,0.0,0.0,0.0,220,75
401,545000,123.0,459.0,47.0,44.0,119.0,27.0,0.0,10.0,30.0,110.0,225,73
402,1400000,23.0,34.0,0.0,0.0,4.0,0.0,0.0,0.0,0.0,16.0,198,74
403,11000000,129.0,500.0,52.0,63.0,144.0,22.0,2.0,9.0,37.0,68.0,215,72
404,530000,71.0,0.0,0.0,0.0,0.0,0.0,0.0,0.0,0.0,0.0,200,70
405,531500,55.0,90.0,6.0,7.0,17.0,3.0,1.0,0.0,1.0,18.0,210,68
406,6500000,74.0,279.0,47.0,67.0,74.0,12.0,1.0,27.0,34.0,95.0,245,78
407,2000000,153.0,398.0,45.0,21.0,91.0,5.0,6.0,1.0,31.0,51.0,175,71
408,570000,126.0,476.0,63.0,44.0,143.0,30.0,2.0,7.0,47.0,101.0,195,75
409,508500,45.0,4.0,0.0,1.0,1.0,1.0,0.0,0.0,0.0,2.0,205,72
410,13000000,140.0,506.0,87.0,84.0,144.0,27.0,3.0,25.0,54.0,115.0,205,74
411,9000000,40.0,0.0,0.0,0.0,0.0,0.0,0.0,0.0,0.0,0.0,285,76
412,507500,10.0,21.0,0.0,0.0,1.0,1.0,0.0,0.0,2.0,7.0,195,69
413,3000000,51.0,0.0,0.0,0.0,0.0,0.0,0.0,0.0,0.0,0.0,200,74
414,519500,121.0,392.0,54.0,66.0,97.0,16.0,2.0,27.0,44.0,122.0,205,71
415,512500,21.0,30.0,0.0,0.0,3.0,0.0,0.0,0.0,0.0,12.0,211,74
416,12500000,26.0,39.0,0.0,0.0,3.0,0.0,0.0,0.0,1.0,21.0,220,76
417,516500,114.0,375.0,42.0,29.0,99.0,18.0,4.0,6.0,12.0,68.0,185,70
418,8000000,74.0,286.0,42.0,43.0,75.0,20.0,1.0,8.0,23.0,70.0,220,75
419,507500,66.0,127.0,15.0,7.0,23.0,11.0,2.0,1.0,3.0,40.0,195,75
420,510500,72.0,0.0,0.0,0.0,0.0,0.0,0.0,0.0,0.0,0.0,205,72
421,508500,15.0,15.0,1.0,0.0,1.0,0.0,0.0,0.0,1.0,6.0,205,73
422,1075000,7.0,1.0,0.0,0.0,0.0,0.0,0.0,0.0,0.0,0.0,200,70
423,7500000,149.0,502.0,72.0,87.0,139.0,32.0,0.0,20.0,66.0,100.0,195,74
424,11000000,41.0,39.0,3.0,1.0,9.0,1.0,0.0,0.0,0.0,10.0,215,74
425,3000000,103.0,371.0,51.0,43.0,98.0,20.0,3.0,7.0,36.0,64.0,200,72
426,825000,79.0,229.0,19.0,22.0,48.0,7.0,0.0,4.0,23.0,65.0,230,72
427,511500,30.0,55.0,1.0,2.0,6.0,1.0,0.0,0.0,1.0,34.0,250,78
428,6237500,100.0,323.0,53.0,31.0,106.0,24.0,5.0,9.0,20.0,57.0,210,71
429,525500,20.0,30.0,1.0,1.0,1.0,0.0,0.0,0.0,3.0,15.0,255,73
430,14000000,81.0,279.0,25.0,42.0,69.0,18.0,0.0,11.0,16.0,42.0,205,73
431,3500000,60.0,0.0,0.0,0.0,0.0,0.0,0.0,0.0,0.0,0.0,195,72
432,507500,86.0,152.0,22.0,16.0,45.0,6.0,2.0,4.0,15.0,34.0,230,73
433,510500,69.0,122.0,17.0,6.0,27.0,6.0,1.0,1.0,12.0,29.0,200,73
434,534000,142.0,560.0,57.0,50.0,144.0,16.0,5.0,6.0,13.0,93.0,220,70
435,512500,76.0,0.0,0.0,0.0,0.0,0.0,0.0,0.0,0.0,0.0,255,77
436,510500,24.0,3.0,0.0,0.0,0.0,0.0,0.0,0.0,0.0,1.0,190,71
437,509500,4.0,1.0,0.0,0.0,0.0,0.0,0.0,0.0,0.0,0.0,200,73
438,532500,19.0,58.0,6.0,8.0,16.0,0.0,0.0,2.0,4.0,15.0,225,72
439,750000,68.0,0.0,0.0,0.0,0.0,0.0,0.0,0.0,0.0,0.0,235,75
440,2000000,157.0,628.0,101.0,77.0,148.0,39.0,4.0,28.0,61.0,148.0,200,71
441,2700000,55.0,1.0,0.0,0.0,0.0,0.0,0.0,0.0,0.0,0.0,200,72
442,532500,127.0,409.0,48.0,58.0,107.0,31.0,4.0,12.0,28.0,86.0,193,70
443,1375000,62.0,0.0,0.0,0.0,0.0,0.0,0.0,0.0,0.0,0.0,210,74
444,537500,32.0,5.0,0.0,0.0,1.0,0.0,0.0,0.0,0.0,2.0,215,78
445,510000,45.0,103.0,13.0,10.0,15.0,5.0,1.0,2.0,7.0,37.0,200,72
446,9200000,27.0,3.0,0.0,0.0,0.0,0.0,0.0,0.0,0.0,0.0,240,77
447,10500000,139.0,521.0,67.0,81.0,125.0,22.0,0.0,22.0,35.0,105.0,220,74
448,23000000,158.0,592.0,69.0,66.0,157.0,34.0,2.0,10.0,67.0,112.0,225,77
449,2775000,24.0,2.0,0.0,0.0,0.0,0.0,0.0,0.0,0.0,1.0,215,72
450,12000000,9.0,3.0,0.0,0.0,0.0,0.0,0.0,0.0,0.0,3.0,235,74
451,1025000,72.0,188.0,23.0,20.0,53.0,14.0,1.0,4.0,12.0,29.0,195,72
452,5500000,30.0,3.0,0.0,0.0,2.0,0.0,0.0,0.0,0.0,1.0,240,79
453,4650000,60.0,0.0,0.0,0.0,0.0,0.0,0.0,0.0,0.0,0.0,205,72
454,4800000,152.0,573.0,74.0,86.0,140.0,35.0,4.0,22.0,50.0,124.0,215,74
455,550000,83.0,180.0,28.0,16.0,45.0,7.0,3.0,0.0,12.0,29.0,170,69
456,530000,91.0,261.0,30.0,21.0,56.0,10.0,5.0,0.0,6.0,68.0,195,71
457,13500000,17.0,0.0,0.0,0.0,0.0,0.0,0.0,0.0,0.0,0.0,175,74
458,1550000,27.0,69.0,9.0,5.0,15.0,3.0,0.0,0.0,3.0,23.0,205,73
459,2200000,13.0,0.0,0.0,0.0,0.0,0.0,0.0,0.0,0.0,0.0,215,73
460,6000000,131.0,433.0,36.0,50.0,104.0,17.0,0.0,5.0,29.0,59.0,210,71
461,520000,41.0,0.0,0.0,0.0,0.0,0.0,0.0,0.0,0.0,0.0,205,75
462,517500,58.0,175.0,18.0,17.0,42.0,4.0,0.0,5.0,9.0,54.0,290,77
463,15000000,133.0,478.0,57.0,67.0,132.0,34.0,1.0,19.0,45.0,85.0,215,73
464,507500,74.0,0.0,0.0,0.0,0.0,0.0,0.0,0.0,0.0,0.0,265,80
465,5000000,22.0,1.0,0.0,0.0,0.0,0.0,0.0,0.0,0.0,0.0,225,74
466,5000000,131.0,383.0,43.0,44.0,77.0,16.0,1.0,17.0,37.0,71.0,220,72
467,21142857,111.0,452.0,66.0,33.0,116.0,15.0,2.0,7.0,35.0,86.0,195,73
468,3300000,27.0,5.0,1.0,0.0,0.0,0.0,0.0,0.0,0.0,2.0,217,74
469,12500000,151.0,571.0,94.0,66.0,148.0,26.0,3.0,16.0,68.0,135.0,195,71
470,553900,155.0,525.0,57.0,56.0,139.0,24.0,2.0,9.0,33.0,85.0,205,75
471,13000000,156.0,580.0,74.0,62.0,150.0,29.0,1.0,11.0,51.0,135.0,215,74
472,5000000,57.0,144.0,12.0,17.0,31.0,4.0,1.0,5.0,8.0,37.0,235,77
473,511025,24.0,0.0,0.0,0.0,0.0,0.0,0.0,0.0,0.0,0.0,225,80
474,17000000,135.0,465.0,68.0,94.0,108.0,15.0,1.0,26.0,52.0,97.0,225,75
475,9000000,60.0,0.0,0.0,0.0,0.0,0.0,0.0,0.0,0.0,0.0,200,79
476,518700,67.0,155.0,21.0,14.0,43.0,9.0,1.0,3.0,12.0,43.0,200,71
477,3300000,17.0,0.0,0.0,0.0,0.0,0.0,0.0,0.0,0.0,0.0,250,77
478,510000,20.0,42.0,7.0,5.0,7.0,3.0,0.0,0.0,3.0,16.0,200,70
479,2100000,27.0,2.0,0.0,0.0,0.0,0.0,0.0,0.0,0.0,1.0,280,79
480,510000,37.0,74.0,7.0,5.0,17.0,3.0,0.0,1.0,2.0,16.0,220,72
481,22000000,151.0,523.0,83.0,86.0,131.0,22.0,1.0,33.0,84.0,145.0,230,75
482,1480000,18.0,0.0,0.0,0.0,0.0,0.0,0.0,0.0,0.0,0.0,200,75
483,554100,1.0,2.0,0.0,0.0,0.0,0.0,0.0,0.0,0.0,0.0,216,73
484,2000000,47.0,96.0,10.0,8.0,22.0,6.0,2.0,0.0,5.0,29.0,190,73
485,23000000,29.0,3.0,0.0,0.0,0.0,0.0,0.0,0.0,0.0,2.0,300,78
486,510275,59.0,0.0,0.0,0.0,0.0,0.0,0.0,0.0,0.0,0.0,180,76
487,22000000,24.0,7.0,0.0,0.0,0.0,0.0,0.0,0.0,1.0,2.0,218,75
488,23125000,111.0,392.0,57.0,79.0,100.0,22.0,0.0,31.0,59.0,85.0,225,75
489,572600,43.0,3.0,0.0,0.0,0.0,0.0,0.0,0.0,0.0,1.0,224,73
490,556000,74.0,0.0,0.0,0.0,0.0,0.0,0.0,0.0,0.0,0.0,205,74
491,2500000,140.0,318.0,53.0,42.0,80.0,20.0,1.0,14.0,30.0,73.0,200,74
492,511065,71.0,173.0,28.0,19.0,34.0,8.0,0.0,3.0,26.0,37.0,215,75
493,725000,11.0,0.0,0.0,0.0,0.0,0.0,0.0,0.0,0.0,0.0,210,75
494,11000000,33.0,58.0,2.0,4.0,8.0,1.0,0.0,0.0,0.0,24.0,285,71
495,8500000,117.0,379.0,44.0,41.0,98.0,18.0,1.0,10.0,24.0,88.0,220,74
496,525424,67.0,239.0,31.0,41.0,64.0,14.0,1.0,12.0,23.0,49.0,210,74
497,556875,31.0,59.0,3.0,4.0,11.0,1.0,0.0,0.0,3.0,16.0,180,76
498,4200000,135.0,471.0,67.0,73.0,115.0,33.0,0.0,27.0,66.0,138.0,255,76
499,523925,76.0,0.0,0.0,0.0,0.0,0.0,0.0,0.0,0.0,0.0,240,75
500,513543,137.0,483.0,55.0,59.0,127.0,22.0,0.0,16.0,19.0,63.0,213,74
501,5300000,8.0,10.0,0.0,0.0,1.0,0.0,0.0,0.0,0.0,5.0,205,73
502,509125,35.0,1.0,0.0,0.0,0.0,0.0,0.0,0.0,0.0,0.0,191,75
503,16000000,157.0,580.0,98.0,70.0,150.0,33.0,2.0,26.0,91.0,151.0,200,73
504,614125,29.0,65.0,1.0,7.0,7.0,2.0,0.0,1.0,0.0,31.0,220,76
505,528696,143.0,441.0,47.0,41.0,114.0,16.0,5.0,6.0,16.0,87.0,219,74
506,1450000,59.0,110.0,8.0,9.0,18.0,6.0,1.0,3.0,9.0,33.0,235,78
507,2595000,7.0,0.0,0.0,0.0,0.0,0.0,0.0,0.0,0.0,0.0,205,72
508,511000,5.0,2.0,0.0,0.0,0.0,0.0,0.0,0.0,0.0,1.0,190,72
509,8000000,130.0,499.0,56.0,73.0,140.0,38.0,2.0,14.0,31.0,38.0,223,73
510,7000000,33.0,52.0,5.0,4.0,9.0,1.0,0.0,0.0,5.0,18.0,215,75
511,3700000,30.0,0.0,0.0,0.0,0.0,0.0,0.0,0.0,0.0,0.0,205,75
512,517880,32.0,80.0,6.0,5.0,10.0,1.0,0.0,2.0,11.0,35.0,240,74
513,1880000,116.0,360.0,36.0,28.0,94.0,23.0,0.0,3.0,38.0,70.0,200,71
514,522900,39.0,1.0,0.0,0.0,0.0,0.0,0.0,0.0,0.0,0.0,190,70
515,582125,59.0,1.0,1.0,0.0,1.0,0.0,0.0,0.0,0.0,0.0,180,73
516,20000000,38.0,152.0,24.0,17.0,44.0,7.0,0.0,5.0,22.0,36.0,205,72
517,1087500,62.0,0.0,0.0,0.0,0.0,0.0,0.0,0.0,0.0,0.0,235,74
518,507500,21.0,0.0,0.0,0.0,0.0,0.0,0.0,0.0,0.0,0.0,230,73
519,6666000,151.0,538.0,63.0,65.0,135.0,28.0,1.0,15.0,52.0,101.0,260,72
520,2150000,30.0,3.0,0.0,0.0,1.0,0.0,0.0,0.0,0.0,2.0,175,73
521,8300001,37.0,0.0,0.0,0.0,0.0,0.0,0.0,0.0,0.0,0.0,200,75
522,1400000,4.0,0.0,0.0,0.0,0.0,0.0,0.0,0.0,0.0,0.0,227,73
523,11000000,44.0,126.0,11.0,6.0,22.0,6.0,0.0,0.0,13.0,25.0,185,70
524,3800000,74.0,214.0,19.0,20.0,49.0,17.0,0.0,3.0,23.0,44.0,220,76
525,780000,12.0,0.0,0.0,0.0,0.0,0.0,0.0,0.0,0.0,0.0,204,74
526,1750000,120.0,290.0,34.0,22.0,57.0,16.0,3.0,2.0,30.0,55.0,180,69
527,1600000,26.0,50.0,6.0,3.0,6.0,0.0,2.0,0.0,4.0,15.0,190,74
528,507500,21.0,0.0,0.0,0.0,0.0,0.0,0.0,0.0,0.0,0.0,200,74
529,512500,31.0,6.0,0.0,0.0,1.0,0.0,0.0,0.0,0.0,4.0,195,70
530,507500,16.0,3.0,0.0,0.0,0.0,0.0,0.0,0.0,0.0,2.0,205,77
531,13000000,18.0,2.0,1.0,1.0,1.0,0.0,0.0,0.0,0.0,1.0,185,72
532,1925000,149.0,562.0,64.0,60.0,146.0,29.0,3.0,16.0,28.0,144.0,210,72
533,5500000,25.0,0.0,0.0,0.0,0.0,0.0,0.0,0.0,0.0,0.0,210,74
534,512500,41.0,0.0,0.0,0.0,0.0,0.0,0.0,0.0,0.0,0.0,205,75
535,510000,73.0,225.0,27.0,34.0,56.0,16.0,1.0,9.0,14.0,51.0,225,70
536,517500,53.0,0.0,0.0,0.0,0.0,0.0,0.0,0.0,0.0,0.0,246,77
537,4100000,149.0,526.0,67.0,77.0,143.0,25.0,4.0,20.0,49.0,65.0,197,74
538,635000,56.0,0.0,0.0,0.0,0.0,0.0,0.0,0.0,0.0,0.0,235,75
539,512500,54.0,0.0,0.0,0.0,0.0,0.0,0.0,0.0,0.0,0.0,190,75
540,510000,155.0,556.0,65.0,45.0,143.0,23.0,7.0,15.0,42.0,132.0,195,72
541,1075000,120.0,372.0,40.0,37.0,92.0,12.0,3.0,1.0,23.0,50.0,180,70
542,1675000,47.0,183.0,33.0,37.0,52.0,10.0,1.0,11.0,20.0,40.0,210,74
543,512500,136.0,445.0,58.0,71.0,116.0,21.0,3.0,18.0,56.0,97.0,216,72
544,7500000,67.0,235.0,39.0,33.0,63.0,20.0,2.0,6.0,33.0,26.0,210,75
545,517500,129.0,425.0,41.0,39.0,104.0,22.0,3.0,12.0,26.0,111.0,205,73
546,1500000,7.0,13.0,2.0,1.0,1.0,0.0,0.0,1.0,0.0,5.0,240,73
547,850000,106.0,233.0,32.0,25.0,68.0,22.0,3.0,7.0,21.0,44.0,192,70
548,2600000,63.0,189.0,19.0,25.0,43.0,6.0,1.0,5.0,14.0,36.0,225,77
549,512500,15.0,20.0,2.0,1.0,4.0,1.0,0.0,0.0,2.0,8.0,200,75
550,528000,61.0,3.0,0.0,0.0,1.0,0.0,0.0,0.0,0.0,1.0,225,76
551,535500,41.0,0.0,0.0,0.0,0.0,0.0,0.0,0.0,0.0,0.0,195,76
552,950000,119.0,326.0,34.0,45.0,84.0,16.0,1.0,13.0,13.0,77.0,225,76
553,513500,151.0,559.0,63.0,50.0,147.0,14.0,5.0,7.0,30.0,103.0,190,70
554,509000,72.0,0.0,0.0,0.0,0.0,0.0,0.0,0.0,0.0,0.0,240,74
555,519000,69.0,0.0,0.0,0.0,0.0,0.0,0.0,0.0,0.0,0.0,210,75
556,800000,65.0,1.0,0.0,0.0,0.0,0.0,0.0,0.0,0.0,1.0,215,75
557,23500000,20.0,39.0,2.0,0.0,6.0,1.0,0.0,0.0,0.0,15.0,205,76
558,5000000,29.0,48.0,4.0,0.0,8.0,1.0,0.0,0.0,1.0,18.0,260,79
559,510000,127.0,405.0,57.0,35.0,110.0,20.0,4.0,1.0,40.0,86.0,195,70
560,25000000,129.0,467.0,53.0,77.0,107.0,29.0,1.0,23.0,27.0,138.0,250,76
561,575000,3.0,0.0,0.0,0.0,0.0,0.0,0.0,0.0,0.0,0.0,215,72
562,650000,14.0,3.0,0.0,0.0,0.0,0.0,0.0,0.0,0.0,3.0,235,75
563,13000000,37.0,0.0,0.0,0.0,0.0,0.0,0.0,0.0,0.0,0.0,230,77
564,4100000,96.0,366.0,49.0,26.0,109.0,13.0,6.0,1.0,19.0,36.0,175,69
565,515000,106.0,268.0,30.0,39.0,63.0,12.0,0.0,12.0,21.0,69.0,232,74
566,8500000,86.0,284.0,23.0,22.0,60.0,13.0,1.0,2.0,28.0,43.0,215,70
567,508000,81.0,270.0,24.0,28.0,63.0,9.0,1.0,9.0,24.0,71.0,260,74
568,2000000,39.0,98.0,4.0,6.0,24.0,5.0,0.0,0.0,6.0,23.0,205,74
569,15000000,73.0,249.0,23.0,30.0,54.0,12.0,1.0,5.0,22.0,35.0,195,73
571,5750000,150.0,437.0,60.0,77.0,106.0,18.0,0.0,27.0,48.0,131.0,250,75
572,3100000,66.0,2.0,0.0,0.0,0.0,0.0,0.0,0.0,0.0,2.0,202,71
573,8500000,26.0,42.0,1.0,5.0,5.0,0.0,0.0,1.0,0.0,20.0,230,76
574,515500,73.0,0.0,0.0,0.0,0.0,0.0,0.0,0.0,0.0,0.0,245,76
575,987500,130.0,451.0,56.0,43.0,133.0,17.0,5.0,7.0,46.0,94.0,220,72
576,531000,33.0,60.0,5.0,2.0,9.0,0.0,0.0,0.0,2.0,28.0,220,76
577,510000,23.0,28.0,8.0,1.0,6.0,1.0,1.0,0.0,7.0,9.0,190,69
578,521000,24.0,23.0,5.0,1.0,2.0,0.0,1.0,0.0,2.0,12.0,185,74
579,3050000,114.0,418.0,57.0,28.0,120.0,29.0,1.0,4.0,19.0,71.0,190,68
580,2500000,35.0,54.0,3.0,9.0,12.0,1.0,0.0,2.0,1.0,19.0,240,78
581,1075000,76.0,0.0,0.0,0.0,0.0,0.0,0.0,0.0,0.0,0.0,240,79
582,2500000,126.0,421.0,60.0,58.0,121.0,24.0,2.0,15.0,28.0,99.0,210,72
583,515500,20.0,25.0,1.0,0.0,1.0,1.0,0.0,0.0,2.0,8.0,220,75
584,11666666,31.0,65.0,4.0,7.0,11.0,2.0,0.0,1.0,0.0,28.0,220,75
585,1000000,14.0,1.0,0.0,0.0,0.0,0.0,0.0,0.0,0.0,0.0,200,74
586,531000,30.0,45.0,1.0,2.0,3.0,1.0,0.0,0.0,2.0,18.0,200,72
587,1333333,153.0,579.0,84.0,81.0,166.0,30.0,2.0,19.0,27.0,123.0,195,73
588,10000000,157.0,566.0,91.0,96.0,165.0,36.0,3.0,23.0,98.0,133.0,195,71
589,5400000,78.0,0.0,0.0,0.0,0.0,0.0,0.0,0.0,0.0,0.0,215,73
590,538000,116.0,394.0,34.0,34.0,96.0,21.0,0.0,3.0,27.0,73.0,210,75
591,8000000,23.0,36.0,0.0,1.0,1.0,0.0,0.0,0.0,1.0,18.0,215,77
592,525000,153.0,593.0,83.0,52.0,152.0,35.0,6.0,9.0,55.0,121.0,240,77
593,1900000,139.0,224.0,25.0,17.0,55.0,12.0,1.0,4.0,5.0,63.0,199,72
594,518000,3.0,8.0,2.0,0.0,3.0,0.0,0.0,0.0,1.0,3.0,220,71
595,1225000,58.0,159.0,9.0,15.0,46.0,8.0,0.0,0.0,6.0,29.0,215,76
596,4000000,27.0,38.0,2.0,4.0,11.0,0.0,0.0,0.0,2.0,7.0,210,71
597,8000000,151.0,543.0,69.0,71.0,146.0,32.0,3.0,16.0,44.0,110.0,214,74
598,1750000,77.0,0.0,0.0,0.0,0.0,0.0,0.0,0.0,0.0,0.0,224,75
599,2450000,24.0,17.0,1.0,0.0,3.0,1.0,0.0,0.0,0.0,6.0,240,74
600,1650000,103.0,354.0,50.0,31.0,100.0,18.0,1.0,5.0,42.0,48.0,230,73
601,1150000,118.0,324.0,28.0,30.0,66.0,10.0,4.0,3.0,24.0,55.0,160,66
602,1300000,98.0,207.0,24.0,16.0,48.0,14.0,1.0,3.0,10.0,55.0,200,73
603,8000000,67.0,0.0,0.0,0.0,0.0,0.0,0.0,0.0,0.0,0.0,250,76
604,4050000,38.0,60.0,2.0,1.0,5.0,0.0,0.0,0.0,1.0,24.0,235,78
605,517300,34.0,30.0,0.0,0.0,2.0,1.0,0.0,0.0,1.0,11.0,200,72
606,508500,40.0,0.0,0.0,0.0,0.0,0.0,0.0,0.0,0.0,0.0,175,71
607,2000000,128.0,421.0,34.0,57.0,104.0,15.0,0.0,16.0,27.0,107.0,205,70
608,2835000,53.0,0.0,0.0,0.0,0.0,0.0,0.0,0.0,0.0,0.0,237,74
609,21250000,154.0,596.0,80.0,100.0,158.0,31.0,3.0,23.0,39.0,147.0,225,76
610,9850000,30.0,42.0,3.0,0.0,4.0,3.0,0.0,0.0,0.0,23.0,210,72
611,9000000,61.0,1.0,0.0,0.0,0.0,0.0,0.0,0.0,0.0,1.0,215,71
612,540500,83.0,255.0,23.0,29.0,54.0,7.0,2.0,9.0,11.0,60.0,220,75
613,2500000,5.0,9.0,0.0,0.0,0.0,0.0,0.0,0.0,1.0,8.0,207,75
614,519800,60.0,225.0,40.0,29.0,57.0,13.0,1.0,8.0,27.0,55.0,207,75
615,850000,6.0,13.0,1.0,4.0,1.0,0.0,0.0,1.0,1.0,4.0,190,71
616,545000,147.0,515.0,65.0,62.0,129.0,33.0,2.0,14.0,35.0,131.0,235,72
617,5250000,34.0,56.0,6.0,6.0,14.0,1.0,1.0,1.0,2.0,19.0,254,77
618,10000000,36.0,68.0,7.0,2.0,9.0,2.0,0.0,0.0,1.0,28.0,210,75
619,516400,152.0,526.0,63.0,63.0,142.0,33.0,4.0,14.0,34.0,56.0,220,71
620,508500,108.0,303.0,38.0,21.0,82.0,17.0,5.0,4.0,28.0,75.0,195,72
621,1375000,38.0,0.0,0.0,0.0,0.0,0.0,0.0,0.0,0.0,0.0,210,72
622,14450000,87.0,205.0,23.0,17.0,53.0,12.0,4.0,5.0,21.0,62.0,185,75
623,14500000,150.0,542.0,85.0,81.0,136.0,26.0,3.0,26.0,68.0,159.0,215,73
624,4250000,98.0,283.0,34.0,30.0,73.0,10.0,3.0,6.0,25.0,73.0,205,75
625,525300,26.0,0.0,0.0,0.0,0.0,0.0,0.0,0.0,0.0,0.0,185,70
626,2600000,85.0,186.0,22.0,19.0,40.0,8.0,1.0,6.0,14.0,38.0,205,73
627,3000000,35.0,69.0,2.0,4.0,11.0,1.0,0.0,0.0,2.0,13.0,200,71
628,24000000,156.0,624.0,82.0,79.0,179.0,34.0,1.0,21.0,43.0,107.0,212,72
629,14250000,152.0,590.0,90.0,93.0,178.0,22.0,1.0,44.0,59.0,164.0,230,74
630,527000,43.0,0.0,0.0,0.0,0.0,0.0,0.0,0.0,0.0,0.0,185,69
631,1300000,33.0,0.0,0.0,0.0,0.0,0.0,0.0,0.0,0.0,0.0,215,77
632,6700000,21.0,1.0,0.0,0.0,0.0,0.0,0.0,0.0,1.0,0.0,205,77
633,24857000,31.0,3.0,0.0,0.0,0.0,0.0,0.0,0.0,0.0,1.0,220,75
634,7000000,20.0,2.0,0.0,0.0,0.0,0.0,0.0,0.0,0.0,2.0,210,75
635,7700000,107.0,419.0,46.0,38.0,114.0,18.0,3.0,8.0,24.0,107.0,198,73
636,527300,12.0,0.0,0.0,0.0,0.0,0.0,0.0,0.0,0.0,0.0,245,75
637,527600,144.0,438.0,44.0,46.0,113.0,22.0,4.0,11.0,47.0,101.0,195,74
638,2725000,146.0,457.0,47.0,54.0,103.0,15.0,3.0,17.0,47.0,81.0,245,75
639,512500,6.0,0.0,0.0,0.0,0.0,0.0,0.0,0.0,0.0,0.0,220,76
640,519000,13.0,2.0,0.0,0.0,0.0,0.0,0.0,0.0,0.0,2.0,227,76
641,7000000,54.0,0.0,0.0,0.0,0.0,0.0,0.0,0.0,0.0,0.0,240,71
642,2505000,36.0,70.0,8.0,3.0,15.0,4.0,0.0,2.0,11.0,27.0,210,73
643,4500000,161.0,623.0,85.0,74.0,166.0,37.0,0.0,26.0,54.0,98.0,216,72
644,6000000,136.0,395.0,54.0,42.0,98.0,31.0,5.0,12.0,47.0,99.0,210,75
645,509300,52.0,127.0,9.0,7.0,20.0,6.0,0.0,1.0,6.0,21.0,200,72
646,512400,37.0,94.0,9.0,1.0,16.0,3.0,1.0,0.0,6.0,31.0,196,73
647,513100,29.0,9.0,0.0,1.0,1.0,1.0,0.0,0.0,0.0,5.0,235,76
648,2000000,37.0,84.0,7.0,9.0,14.0,1.0,0.0,2.0,9.0,25.0,210,72
649,1400000,53.0,0.0,0.0,0.0,0.0,0.0,0.0,0.0,0.0,0.0,220,78
650,523500,112.0,350.0,28.0,28.0,61.0,11.0,0.0,11.0,21.0,132.0,235,74
651,6000000,52.0,2.0,0.0,0.0,0.0,0.0,0.0,0.0,0.0,2.0,225,76
652,4000000,93.0,355.0,42.0,26.0,102.0,12.0,3.0,5.0,30.0,25.0,180,69
653,1450000,40.0,58.0,5.0,4.0,12.0,1.0,0.0,1.0,0.0,12.0,185,73
654,3600000,137.0,492.0,73.0,68.0,138.0,33.0,5.0,18.0,56.0,147.0,231,75
655,3600000,115.0,327.0,59.0,26.0,95.0,19.0,3.0,5.0,40.0,59.0,187,70
656,6750000,36.0,77.0,9.0,9.0,19.0,2.0,0.0,5.0,3.0,27.0,257,76
657,21000000,13.0,16.0,0.0,1.0,0.0,0.0,0.0,0.0,0.0,9.0,230,75
658,3175000,143.0,507.0,65.0,84.0,130.0,33.0,4.0,21.0,39.0,119.0,223,73
659,509000,149.0,573.0,77.0,77.0,169.0,28.0,6.0,12.0,30.0,96.0,190,74
660,5000000,67.0,0.0,0.0,0.0,0.0,0.0,0.0,0.0,0.0,0.0,210,72
661,12000000,24.0,38.0,3.0,1.0,7.0,2.0,0.0,1.0,1.0,11.0,175,73
662,1100000,6.0,5.0,1.0,0.0,0.0,0.0,0.0,0.0,1.0,3.0,220,75
663,517500,73.0,2.0,0.0,0.0,0.0,0.0,0.0,0.0,0.0,2.0,225,75
664,18000000,16.0,21.0,0.0,0.0,3.0,1.0,0.0,0.0,2.0,10.0,170,71
665,4000000,77.0,0.0,0.0,0.0,0.0,0.0,0.0,0.0,0.0,0.0,220,76
666,527500,33.0,3.0,0.0,0.0,0.0,0.0,0.0,0.0,0.0,2.0,257,71
667,1000000,100.0,249.0,26.0,26.0,52.0,8.0,2.0,7.0,20.0,76.0,225,76
668,4800000,49.0,127.0,7.0,11.0,27.0,5.0,0.0,2.0,11.0,28.0,220,73
669,10250000,133.0,512.0,55.0,37.0,134.0,21.0,3.0,3.0,32.0,93.0,200,74
670,522500,100.0,382.0,59.0,37.0,119.0,27.0,2.0,8.0,38.0,42.0,205,73
671,9000000,19.0,36.0,5.0,3.0,7.0,2.0,0.0,1.0,1.0,17.0,195,73
672,18500000,52.0,207.0,30.0,40.0,57.0,13.0,1.0,9.0,16.0,48.0,216,76
673,2100000,42.0,9.0,1.0,0.0,0.0,0.0,0.0,0.0,0.0,3.0,252,73
674,16500000,150.0,557.0,74.0,95.0,177.0,28.0,0.0,19.0,56.0,52.0,213,73
675,6000000,70.0,2.0,0.0,0.0,0.0,0.0,0.0,0.0,0.0,1.0,185,71
676,800000,28.0,56.0,5.0,5.0,10.0,4.0,0.0,1.0,2.0,14.0,220,72
677,4000000,33.0,36.0,3.0,2.0,5.0,1.0,0.0,1.0,1.0,13.0,215,76
678,534000,60.0,175.0,14.0,24.0,42.0,9.0,0.0,5.0,10.0,41.0,245,75
679,3500000,34.0,0.0,0.0,0.0,0.0,0.0,0.0,0.0,0.0,0.0,230,75
680,1650000,117.0,195.0,32.0,13.0,39.0,8.0,3.0,4.0,19.0,59.0,190,73
681,3750000,154.0,574.0,101.0,84.0,156.0,44.0,3.0,28.0,81.0,151.0,210,76
682,3000000,71.0,0.0,0.0,0.0,0.0,0.0,0.0,0.0,1.0,0.0,205,73
683,775000,69.0,142.0,6.0,11.0,29.0,7.0,1.0,2.0,6.0,32.0,215,71
684,9250000,20.0,41.0,1.0,1.0,4.0,0.0,0.0,0.0,2.0,15.0,215,74
685,510000,103.0,323.0,49.0,47.0,89.0,23.0,7.0,17.0,22.0,110.0,216,74
686,7800000,154.0,547.0,79.0,60.0,160.0,33.0,4.0,13.0,56.0,90.0,240,77
687,17000000,73.0,229.0,24.0,35.0,64.0,16.0,1.0,4.0,39.0,49.0,240,76
688,4125000,79.0,210.0,25.0,10.0,44.0,5.0,1.0,1.0,19.0,36.0,200,71
689,522000,76.0,99.0,15.0,2.0,15.0,0.0,0.0,0.0,10.0,21.0,190,72
690,507500,33.0,62.0,0.0,3.0,7.0,2.0,0.0,0.0,4.0,24.0,235,78
691,7000000,31.0,50.0,3.0,1.0,8.0,2.0,0.0,0.0,0.0,26.0,270,77
692,530000,77.0,3.0,0.0,0.0,0.0,0.0,0.0,0.0,0.0,2.0,190,72
693,520000,32.0,56.0,2.0,0.0,8.0,2.0,0.0,0.0,1.0,23.0,200,72
694,15000000,136.0,488.0,34.0,61.0,132.0,23.0,2.0,4.0,32.0,59.0,225,71
695,15000000,155.0,579.0,64.0,71.0,159.0,26.0,1.0,17.0,50.0,111.0,225,74
696,2000000,140.0,382.0,35.0,48.0,88.0,21.0,2.0,13.0,44.0,121.0,220,74
697,535000,68.0,1.0,0.0,0.0,0.0,0.0,0.0,0.0,0.0,1.0,230,74
698,518000,81.0,0.0,0.0,0.0,0.0,0.0,0.0,0.0,0.0,0.0,230,77
699,2000000,35.0,8.0,0.0,0.0,0.0,0.0,0.0,0.0,0.0,5.0,220,74
700,520000,30.0,52.0,5.0,4.0,8.0,1.0,0.0,0.0,4.0,20.0,215,78
701,19500000,7.0,10.0,0.0,0.0,0.0,0.0,0.0,0.0,0.0,2.0,230,79
702,2675000,12.0,0.0,0.0,0.0,0.0,0.0,0.0,0.0,0.0,0.0,250,77
703,520000,150.0,557.0,71.0,61.0,146.0,28.0,4.0,11.0,36.0,95.0,185,67
704,507500,25.0,1.0,0.0,0.0,0.0,0.0,0.0,0.0,0.0,0.0,215,74
705,1166667,34.0,5.0,0.0,0.0,0.0,0.0,0.0,0.0,0.0,3.0,195,74
706,508100,82.0,203.0,24.0,37.0,45.0,7.0,4.0,9.0,13.0,69.0,215,72
707,513600,5.0,0.0,0.0,0.0,0.0,0.0,0.0,0.0,0.0,0.0,190,73
708,521400,69.0,0.0,0.0,0.0,0.0,0.0,0.0,0.0,0.0,0.0,211,70
709,7500000,143.0,505.0,66.0,58.0,134.0,28.0,5.0,15.0,36.0,107.0,235,72
710,510800,43.0,0.0,0.0,0.0,0.0,0.0,0.0,0.0,0.0,0.0,225,73
711,5000000,82.0,232.0,24.0,26.0,60.0,8.0,2.0,5.0,19.0,39.0,190,71
712,1100000,153.0,540.0,69.0,68.0,152.0,33.0,2.0,17.0,55.0,111.0,195,73
713,1021800,44.0,101.0,11.0,7.0,16.0,4.0,1.0,3.0,7.0,37.0,190,73
714,800000,22.0,0.0,0.0,0.0,0.0,0.0,0.0,0.0,0.0,0.0,205,72
715,515800,128.0,332.0,51.0,28.0,88.0,21.0,2.0,8.0,25.0,61.0,210,74
716,3175000,70.0,185.0,23.0,22.0,53.0,17.0,0.0,5.0,28.0,39.0,202,74
717,3100000,28.0,97.0,9.0,7.0,26.0,2.0,1.0,1.0,8.0,17.0,210,74
718,3025000,46.0,0.0,0.0,0.0,0.0,0.0,0.0,0.0,0.0,0.0,235,75
719,508800,27.0,4.0,1.0,1.0,1.0,0.0,0.0,1.0,0.0,3.0,225,75
720,513800,151.0,505.0,62.0,40.0,133.0,25.0,12.0,10.0,24.0,95.0,210,73
721,8666666,104.0,361.0,25.0,32.0,101.0,16.0,0.0,4.0,23.0,34.0,235,75
722,11000000,160.0,604.0,74.0,73.0,163.0,35.0,1.0,21.0,51.0,132.0,213,73
723,3550000,39.0,0.0,0.0,0.0,0.0,0.0,0.0,0.0,0.0,0.0,229,76
724,3000000,12.0,1.0,0.0,0.0,0.0,0.0,0.0,0.0,0.0,0.0,210,75
725,522000,28.0,4.0,0.0,0.0,0.0,0.0,0.0,0.0,0.0,2.0,190,74
726,522800,34.0,2.0,0.0,0.0,0.0,0.0,0.0,0.0,0.0,2.0,220,72
727,1200000,110.0,298.0,16.0,26.0,53.0,14.0,0.0,5.0,11.0,86.0,215,70
728,2650000,12.0,0.0,0.0,0.0,0.0,0.0,0.0,0.0,0.0,0.0,188,74
729,508700,110.0,373.0,59.0,40.0,84.0,15.0,1.0,16.0,46.0,144.0,225,76
730,700000,25.0,55.0,3.0,4.0,8.0,0.0,0.0,0.0,4.0,20.0,230,72
732,512800,20.0,0.0,0.0,0.0,0.0,0.0,0.0,0.0,0.0,0.0,205,70
733,15000000,160.0,596.0,69.0,62.0,154.0,34.0,2.0,7.0,46.0,78.0,210,72
734,725000,33.0,0.0,0.0,0.0,0.0,0.0,0.0,0.0,0.0,0.0,200,74
735,16000000,143.0,567.0,83.0,83.0,163.0,32.0,4.0,18.0,41.0,65.0,220,71
736,518290,78.0,233.0,33.0,34.0,54.0,16.0,1.0,10.0,28.0,62.0,220,73
737,14000000,149.0,555.0,94.0,82.0,153.0,32.0,3.0,22.0,76.0,147.0,205,71
738,508500,18.0,0.0,0.0,0.0,0.0,0.0,0.0,0.0,0.0,0.0,188,75
739,975000,33.0,107.0,10.0,15.0,19.0,4.0,0.0,3.0,6.0,40.0,240,74
740,3450000,17.0,0.0,0.0,0.0,0.0,0.0,0.0,0.0,0.0,0.0,210,77
741,508500,11.0,0.0,0.0,0.0,0.0,0.0,0.0,0.0,0.0,0.0,240,77
742,4125000,18.0,0.0,0.0,0.0,0.0,0.0,0.0,0.0,0.0,0.0,235,75
743,24000000,158.0,613.0,78.0,98.0,187.0,28.0,0.0,23.0,64.0,88.0,275,71
744,517000,54.0,0.0,0.0,0.0,0.0,0.0,0.0,0.0,0.0,0.0,180,71
745,1100000,2.0,0.0,0.0,0.0,0.0,0.0,0.0,0.0,0.0,0.0,190,72
746,14000000,33.0,4.0,0.0,0.0,2.0,1.0,0.0,0.0,0.0,1.0,205,74
747,22708749,50.0,170.0,22.0,25.0,43.0,8.0,0.0,8.0,10.0,52.0,240,76
748,7400000,10.0,0.0,0.0,0.0,0.0,0.0,0.0,0.0,0.0,0.0,223,74
749,509500,11.0,0.0,0.0,0.0,0.0,0.0,0.0,0.0,0.0,0.0,255,79
750,4000000,33.0,2.0,0.0,0.0,0.0,0.0,0.0,0.0,0.0,2.0,240,76
751,4750000,95.0,288.0,26.0,25.0,63.0,12.0,0.0,5.0,16.0,69.0,200,74
752,515000,24.0,4.0,2.0,0.0,0.0,0.0,0.0,0.0,0.0,1.0,200,73
753,509500,12.0,0.0,0.0,0.0,0.0,0.0,0.0,0.0,0.0,0.0,245,75
754,2950000,132.0,471.0,51.0,85.0,131.0,27.0,0.0,23.0,32.0,112.0,245,75
755,513850,120.0,426.0,54.0,61.0,111.0,21.0,9.0,16.0,23.0,79.0,200,71
756,1000000,14.0,2.0,0.0,0.0,0.0,0.0,0.0,0.0,0.0,2.0,200,72
757,507000,17.0,2.0,1.0,0.0,1.0,0.0,0.0,0.0,0.0,0.0,195,71
758,900000,55.0,114.0,14.0,7.0,26.0,4.0,0.0,3.0,10.0,30.0,200,74
759,508500,28.0,83.0,10.0,7.0,16.0,5.0,0.0,4.0,3.0,32.0,205,74
760,515200,42.0,0.0,0.0,0.0,0.0,0.0,0.0,0.0,0.0,0.0,200,76
761,508500,35.0,60.0,12.0,6.0,8.0,1.0,0.0,1.0,11.0,20.0,210,71
762,519700,73.0,0.0,0.0,0.0,0.0,0.0,0.0,0.0,0.0,0.0,214,73
763,14000000,153.0,543.0,108.0,114.0,136.0,29.0,3.0,40.0,110.0,106.0,205,72
764,20000000,32.0,7.0,0.0,0.0,1.0,0.0,0.0,0.0,1.0,3.0,240,74
765,2475000,63.0,0.0,0.0,0.0,0.0,0.0,0.0,0.0,0.0,0.0,200,74
766,12000000,33.0,3.0,0.0,0.0,0.0,0.0,0.0,0.0,0.0,1.0,215,75
767,4300000,158.0,620.0,122.0,123.0,184.0,41.0,2.0,41.0,73.0,133.0,210,73
768,10000000,146.0,528.0,94.0,111.0,146.0,31.0,0.0,39.0,77.0,98.0,230,73
769,3900000,34.0,6.0,0.0,0.0,2.0,0.0,0.0,0.0,0.0,2.0,180,72
770,512800,128.0,376.0,52.0,45.0,94.0,16.0,4.0,5.0,39.0,83.0,180,70
771,518400,58.0,0.0,0.0,0.0,0.0,0.0,0.0,0.0,1.0,0.0,235,72
772,520100,31.0,0.0,0.0,0.0,0.0,0.0,0.0,0.0,0.0,0.0,215,75
773,510800,5.0,0.0,0.0,0.0,0.0,0.0,0.0,0.0,0.0,0.0,200,71
774,527500,60.0,0.0,0.0,0.0,0.0,0.0,0.0,0.0,0.0,0.0,210,71
775,7000000,129.0,441.0,76.0,77.0,106.0,23.0,2.0,23.0,53.0,106.0,215,70
776,5000000,54.0,171.0,17.0,20.0,42.0,7.0,0.0,5.0,17.0,29.0,215,69
777,508700,5.0,0.0,0.0,0.0,0.0,0.0,0.0,0.0,0.0,0.0,207,74
778,512000,159.0,586.0,76.0,56.0,163.0,31.0,2.0,12.0,28.0,85.0,200,72
779,508500,34.0,94.0,17.0,6.0,21.0,8.0,0.0,2.0,7.0,23.0,200,74
780,520000,7.0,0.0,0.0,0.0,0.0,0.0,0.0,0.0,0.0,0.0,240,75
781,22000000,69.0,288.0,36.0,34.0,82.0,17.0,0.0,4.0,17.0,38.0,195,72
782,1021600,41.0,0.0,0.0,0.0,0.0,0.0,0.0,0.0,0.0,0.0,210,76
783,2875000,9.0,31.0,2.0,3.0,6.0,0.0,0.0,0.0,5.0,10.0,225,76
784,1000000,132.0,296.0,44.0,59.0,67.0,16.0,1.0,18.0,29.0,86.0,220,76
785,514700,4.0,0.0,0.0,0.0,0.0,0.0,0.0,0.0,0.0,0.0,180,67
786,1750000,18.0,49.0,5.0,2.0,10.0,2.0,0.0,0.0,3.0,9.0,190,73
787,517300,19.0,41.0,9.0,3.0,11.0,5.0,1.0,0.0,4.0,9.0,185,71
788,514200,40.0,0.0,0.0,0.0,0.0,0.0,0.0,0.0,0.0,0.0,230,75
789,516500,5.0,0.0,0.0,0.0,0.0,0.0,0.0,0.0,0.0,0.0,210,71
790,512972,55.0,99.0,12.0,12.0,25.0,6.0,1.0,5.0,9.0,20.0,210,74
791,11000000,156.0,583.0,69.0,62.0,136.0,27.0,2.0,19.0,45.0,187.0,217,75
792,5000000,139.0,535.0,75.0,56.0,168.0,25.0,1.0,9.0,45.0,70.0,215,74
793,1800000,118.0,367.0,59.0,37.0,88.0,21.0,1.0,13.0,33.0,106.0,205,72
794,11400000,29.0,31.0,2.0,0.0,7.0,1.0,0.0,0.0,2.0,15.0,210,80
795,11000000,31.0,43.0,1.0,2.0,4.0,1.0,0.0,0.0,1.0,18.0,205,72
796,2500000,153.0,521.0,118.0,99.0,172.0,38.0,1.0,42.0,124.0,131.0,210,75
797,3500000,48.0,0.0,0.0,0.0,0.0,0.0,0.0,0.0,0.0,0.0,210,76
798,1000000,17.0,22.0,0.0,3.0,5.0,1.0,0.0,0.0,0.0,6.0,185,70
799,1200000,44.0,136.0,11.0,20.0,27.0,4.0,0.0,3.0,15.0,40.0,212,73
800,518200,97.0,187.0,14.0,27.0,38.0,12.0,0.0,6.0,11.0,45.0,220,74
801,3550000,128.0,475.0,41.0,68.0,109.0,16.0,0.0,15.0,21.0,101.0,241,73
802,2500000,80.0,311.0,43.0,25.0,82.0,16.0,0.0,5.0,36.0,70.0,200,73
803,529600,40.0,27.0,1.0,0.0,5.0,2.0,0.0,0.0,0.0,9.0,238,74
804,525000,126.0,309.0,44.0,34.0,84.0,15.0,1.0,10.0,37.0,52.0,240,77
805,17142000,34.0,69.0,4.0,0.0,15.0,0.0,0.0,0.0,2.0,23.0,208,75
806,9000000,61.0,246.0,38.0,22.0,74.0,17.0,0.0,5.0,25.0,26.0,210,72
807,2250000,5.0,0.0,0.0,0.0,0.0,0.0,0.0,0.0,0.0,0.0,228,74
808,5700000,58.0,0.0,0.0,0.0,0.0,0.0,0.0,0.0,0.0,0.0,200,73
809,7400000,23.0,38.0,1.0,0.0,5.0,0.0,0.0,0.0,2.0,17.0,240,77
810,508700,138.0,472.0,49.0,63.0,108.0,15.0,2.0,14.0,35.0,158.0,215,76
811,3500000,60.0,0.0,0.0,0.0,0.0,0.0,0.0,0.0,0.0,0.0,235,78
812,512800,60.0,2.0,0.0,0.0,0.0,0.0,0.0,0.0,0.0,1.0,225,77
813,507500,67.0,120.0,12.0,16.0,22.0,4.0,2.0,2.0,19.0,40.0,210,71
814,21000000,88.0,331.0,51.0,42.0,73.0,16.0,1.0,12.0,38.0,84.0,235,77
815,16500000,33.0,63.0,4.0,3.0,10.0,1.0,0.0,0.0,0.0,18.0,225,74
816,14000000,95.0,346.0,43.0,73.0,86.0,25.0,1.0,16.0,33.0,79.0,215,75
