uniqueid, salary ,games,bats,runs,rbi,hits,doubles,triples,homeruns,walks,strike_outs,weight,height
2015TEXrodriwa01,507000,17,2,1,0,1,0,0,0,0,0,195,71
2015ARIchafian01,507500,66,3,0,0,0,0,0,0,0,1,235,74
2015ATLbethach01,507500,48,155,16,12,31,8,0,2,5,33,205,75
2015ATLcunnito01,507500,39,86,13,4,19,4,0,0,5,17,205,72
2015ATLgosseph01,507500,20,40,2,2,13,4,0,0,2,5,188,73
2015ATLpeterja01,507500,152,528,55,52,126,23,5,6,56,120,215,72
2015ATLterdojo01,507500,28,56,5,4,12,4,1,1,3,14,200,73
2015CINdesclan01,507500,31,58,1,3,9,1,0,0,3,33,195,74
2015DETmccanja02,507500,114,401,32,41,106,18,5,7,16,90,220,75
2015MIAdysonsa01,507500,44,0,0,0,0,0,0,0,0,0,212,73
2015MILcenteju01,507500,10,21,0,0,1,1,0,0,2,7,195,69
2015MILgomezhe01,507500,66,127,15,7,23,11,2,1,3,40,195,75
2015MILrogerja02,507500,86,152,22,16,45,6,2,4,15,34,230,73
2015NYAbetande01,507500,74,0,0,0,0,0,0,0,0,0,265,80
2015OAKalvarrj01,507500,21,0,0,0,0,0,0,0,0,0,230,73
2015OAKgraveke01,507500,21,0,0,0,0,0,0,0,0,0,200,74
2015OAKhahnje01,507500,16,3,0,0,0,0,0,0,0,2,205,77
2015SLNlackejo01,507500,33,62,0,3,7,2,0,0,4,24,235,78
2015TBAandrima01,507500,25,1,0,0,0,0,0,0,0,0,215,74
2015WASugglada01,507500,67,120,12,16,22,4,2,2,19,40,210,71
2015CLEadamsau01,507700,28,1,0,0,0,0,0,0,0,0,205,71
2015CHNbeeleda01,508000,3,3,0,0,1,1,0,0,0,1,225,77
2015PHIruppca01,508000,81,270,24,28,63,9,1,9,24,71,260,74
2015TBAbeckhti01,508100,82,203,24,37,45,7,4,9,13,69,215,72
2015ARIahmedni01,508500,134,421,49,34,95,17,6,9,29,81,201,74
2015ARIlambja01,508500,107,350,38,34,92,15,5,6,36,97,215,75
2015BOSbarnema01,508500,32,0,0,0,0,0,0,0,0,0,208,76
2015BOScecchga01,508500,2,4,0,0,0,0,0,0,0,3,220,75
2015CHNszczuma01,508500,47,72,5,8,16,5,0,1,6,15,200,72
2015DETperezhe01,508500,22,33,1,0,2,0,0,0,1,11,213,73
2015MILblazemi01,508500,45,4,0,1,1,1,0,0,0,2,205,72
2015MILjimenlu02,508500,15,15,1,0,1,0,0,0,1,6,205,73
2015SDNgarcefr01,508500,40,0,0,0,0,0,0,0,0,0,175,71
2015SDNspangco01,508500,108,303,38,21,82,17,5,4,28,75,195,72
2015TEXclaudal01,508500,18,0,0,0,0,0,0,0,0,0,188,75
2015TEXedwarjo02,508500,11,0,0,0,0,0,0,0,0,0,240,77
2015TEXruary01,508500,28,83,10,7,16,5,0,4,3,32,205,74
2015TEXsmolija01,508500,35,60,12,6,8,1,0,1,11,20,210,71
2015TORpompeda01,508500,34,94,17,6,21,8,0,2,7,23,200,74
2015CLEperezro02,508600,70,184,30,21,42,9,1,7,33,64,220,71
2015TBAsouzast01,508700,110,373,59,40,84,15,1,16,46,144,225,76
2015TORnorrida01,508700,5,0,0,0,0,0,0,0,0,0,207,74
2015WAStaylomi02,508700,138,472,49,63,108,15,2,14,35,158,215,76
2015ATLfoltymi01,508750,18,28,0,3,2,1,0,0,0,19,195,76
2015TBAkarnsna01,508800,27,4,1,1,1,0,0,1,0,3,225,75
2015PHIgarcilu03,509000,72,0,0,0,0,0,0,0,0,0,240,74
2015SFNduffyma01,509000,149,573,77,77,169,28,6,12,30,96,190,74
2015NYNgoedder01,509125,35,1,0,0,0,0,0,0,0,0,191,75
2015SEAsucreje01,509300,52,127,9,7,20,6,0,1,6,21,200,72
2015BOShembrhe01,509500,22,0,0,0,0,0,0,0,0,0,220,76
2015COLbrownbr02,509500,36,0,0,0,0,0,0,0,0,0,205,75
2015COLbutleed01,509500,16,23,0,0,1,0,0,0,0,13,180,74
2015COLmatzety01,509500,6,8,3,0,3,1,0,0,0,1,230,75
2015LAAalvarjo02,509500,64,0,0,0,0,0,0,0,0,0,195,71
2015MILwootero01,509500,4,1,0,0,0,0,0,0,0,0,200,73
2015TEXkleinph01,509500,11,0,0,0,0,0,0,0,0,0,255,79
2015TEXmendero01,509500,12,0,0,0,0,0,0,0,0,0,245,75
2015KCAcolonch01,509525,43,107,8,6,31,5,0,0,11,17,215,70
2015CLEwalteza01,509600,12,30,0,3,4,0,0,0,0,15,210,74
2015CHAsanchca01,510000,120,389,40,31,87,23,1,5,19,81,210,72
2015CHNalcanar01,510000,11,26,5,1,2,0,0,0,5,11,170,70
2015CHNhendrky01,510000,32,60,2,1,3,1,0,0,1,24,190,75
2015CINdiazju03,510000,61,0,0,0,0,0,0,0,0,0,315,76
2015DETrondobr01,510000,35,0,0,0,0,0,0,0,0,0,275,75
2015LANgarciyi01,510000,59,0,0,0,0,0,0,0,0,0,228,74
2015LANpederjo01,510000,151,480,67,54,101,19,1,26,92,170,220,73
2015MINherrmch01,510000,45,103,13,10,15,5,1,2,7,37,200,72
2015NYApetitgr01,510000,20,42,7,5,7,3,0,0,3,16,200,70
2015NYApireljo01,510000,37,74,7,5,17,3,0,1,2,16,220,72
2015OAKphegljo01,510000,73,225,27,34,56,16,1,9,14,51,225,70
2015OAKsemiema01,510000,155,556,65,45,143,23,7,15,42,132,195,72
2015PHIhernace02,510000,127,405,57,35,110,20,4,1,40,86,195,70
2015PITdeckeja01,510000,23,28,8,1,6,1,1,0,7,9,190,69
2015SLNgrichra01,510000,103,323,49,47,89,23,7,17,22,110,216,74
2015NYAshrevch01,510275,59,0,0,0,0,0,0,0,0,0,180,76
2015BOSleonsa01,510400,41,114,8,3,21,2,0,0,7,28,235,70
2015ARIstitema01,510500,11,0,0,0,0,0,0,0,0,0,205,71
2015BOSwrighst01,510500,16,1,0,0,0,0,0,0,0,0,215,74
2015MILjeffrje01,510500,72,0,0,0,0,0,0,0,0,0,205,72
2015MILschaflo01,510500,69,122,17,6,27,6,1,1,12,29,200,73
2015MILthornty01,510500,24,3,0,0,0,0,0,0,0,1,190,71
2015TBAcolomal01,510800,43,0,0,0,0,0,0,0,0,0,225,73
2015TORhynesco01,510800,5,0,0,0,0,0,0,0,0,0,200,71
2015CLEcrockky01,510900,31,0,0,0,0,0,0,0,0,0,180,74
2015LAAnavaref01,511000,54,83,9,5,21,4,0,0,5,16,210,72
2015NYNmontera01,511000,5,2,0,0,0,0,0,0,0,1,190,72
2015NYAmartich02,511025,24,0,0,0,0,0,0,0,0,0,225,80
2015NYNcampber01,511065,71,173,28,19,34,8,0,3,26,37,215,75
2015HOUmarisja01,511200,133,339,46,36,80,15,4,9,18,105,220,76
2015LAAroberda09,511250,37,75,10,7,21,2,0,0,2,7,200,71
2015CLEramirjo01,511300,97,315,50,27,69,14,3,6,32,39,190,69
2015MILnelsoji02,511500,30,55,1,2,6,1,0,0,1,34,250,78
2015CLEhousetj01,511900,4,0,0,0,0,0,0,0,0,0,205,73
2015ARImarshev01,512000,13,0,0,0,0,0,0,0,0,0,235,74
2015TORpillake01,512000,159,586,76,56,163,31,2,12,28,85,200,72
2015SEAtayloch03,512400,37,94,9,1,16,3,1,0,6,31,196,73
2015ARIanderch01,512500,28,48,0,3,5,0,0,0,1,23,210,73
2015ARIowingch01,512500,147,515,59,43,117,27,5,4,26,144,185,70
2015CINnegrokr01,512500,43,93,5,2,13,2,0,0,9,23,190,72
2015COLarenano01,512500,157,616,97,130,177,43,4,42,34,110,215,74
2015COLdickeco01,512500,65,224,30,31,68,18,2,10,10,56,200,73
2015COLfriedch01,512500,68,3,0,0,0,0,0,0,0,0,222,76
2015LAAcroncj01,512500,113,378,37,51,99,17,1,16,17,82,235,76
2015LANbaezpe01,512500,52,0,0,0,0,0,0,0,0,0,232,72
2015MILfiersmi01,512500,21,30,0,0,3,0,0,0,0,12,211,74
2015MILsmithwi04,512500,76,0,0,0,0,0,0,0,0,0,255,77
2015OAKgrayso01,512500,31,6,0,0,1,0,0,0,0,4,195,70
2015OAKoteroda01,512500,41,0,0,0,0,0,0,0,0,0,205,75
2015OAKscribev01,512500,54,0,0,0,0,0,0,0,0,0,190,75
2015OAKvogtst01,512500,136,445,58,71,116,21,3,18,56,97,216,72
2015PHIbuchada01,512500,15,20,2,1,4,1,0,0,2,8,200,75
2015SEAolmosed01,512500,6,0,0,0,0,0,0,0,0,0,220,76
2015TBAyateski01,512800,20,0,0,0,0,0,0,0,0,0,205,70
2015TORgoinsry01,512800,128,376,52,45,94,16,4,5,39,83,180,70
2015WAStreinbl01,512800,60,2,0,0,0,0,0,0,0,1,225,77
2015HOUspringe01,512900,102,388,59,41,107,19,2,16,50,109,221,75
2015WASdendema01,512972,55,99,12,12,25,6,1,5,9,20,210,74
2015ARIinciaen01,513000,132,524,73,45,159,27,5,6,26,58,190,71
2015CHNlasteto01,513000,33,67,4,11,18,6,0,1,5,7,180,71
2015LAArasmuco02,513000,16,1,0,0,0,0,0,0,0,0,200,72
2015SEAwalketa01,513100,29,9,0,1,1,1,0,0,0,5,235,76
2015PHIgalvifr01,513500,151,559,63,50,147,14,5,7,30,103,190,70
2015NYNflorewi01,513543,137,483,55,59,127,22,0,16,19,63,213,74
2015TBAbelivje01,513600,5,0,0,0,0,0,0,0,0,0,190,73
2015TBAkiermke01,513800,151,505,62,40,133,25,12,10,24,95,210,73
2015TEXodorro01,513850,120,426,54,61,111,21,9,16,23,79,200,71
2015HOUharriwi02,513900,68,1,0,0,0,0,0,0,0,1,236,76
2015BALclevest01,514000,30,101,11,15,29,4,2,2,4,13,210,70
2015LAAmorinmi01,514000,47,0,0,0,0,0,0,0,0,0,220,76
2015WASbarreaa01,514200,40,0,0,0,0,0,0,0,0,0,230,75
2015ARIgosewtu01,514500,38,128,9,13,27,6,0,1,8,23,185,71
2015BOSbettsmo01,514500,145,597,92,77,174,42,8,18,46,82,180,69
2015CHNramirne01,514500,19,0,0,0,0,0,0,0,0,0,215,76
2015TORstromma01,514700,4,0,0,0,0,0,0,0,0,0,180,67
2015BALjosepca01,515000,100,320,38,49,75,16,1,11,27,72,205,75
2015BALparedji01,515000,104,363,46,42,100,17,2,10,19,111,230,75
2015BALschoojo01,515000,86,305,34,39,85,17,0,15,9,79,247,73
2015DETgosean01,515000,140,485,73,26,123,24,8,5,45,145,200,72
2015DETgreensh02,515000,18,5,0,0,0,0,0,0,0,5,200,76
2015DETkrolia01,515000,33,0,0,0,0,0,0,0,0,0,210,73
2015HOUgrossro01,515000,24,49,7,5,7,2,0,1,5,17,209,72
2015PHIrufda01,515000,106,268,30,39,63,12,0,12,21,69,232,74
2015TEXmartini01,515000,24,4,2,0,0,0,0,0,0,1,200,73
2015TEXschepta01,515200,42,0,0,0,0,0,0,0,0,0,200,76
2015PITcaminar01,515500,73,0,0,0,0,0,0,0,0,0,245,76
2015PITlamboan01,515500,20,25,1,0,1,1,0,0,2,8,220,75
2015HOUoberhbr01,515800,8,0,0,0,0,0,0,0,1,0,225,73
2015HOUpeacobr01,515800,1,0,0,0,0,0,0,0,0,0,207,73
2015TBAguyerbr01,515800,128,332,51,28,88,21,2,8,25,61,210,74
2015ARIdelarru01,516000,32,64,3,2,6,0,0,0,0,25,210,72
2015CHAshuckja01,516000,79,143,15,15,38,8,2,0,16,16,195,71
2015LAAgiavojo01,516250,129,453,51,49,123,25,5,4,32,59,185,68
2015HOUmchugco01,516300,32,8,1,0,1,0,0,0,0,4,191,74
2015SDNsolarya01,516400,152,526,63,63,142,33,4,14,34,56,220,71
2015MILgennesc01,516500,114,375,42,29,99,18,4,6,12,68,185,70
2015WAScedenxa01,516500,5,0,0,0,0,0,0,0,0,0,210,71
2015HOUfieldjo03,516700,54,0,0,0,0,0,0,0,0,0,191,72
2015TEXfreemsa01,517000,54,0,0,0,0,0,0,0,0,0,180,71
2015CLEhagadni01,517100,36,0,0,0,0,0,0,0,0,0,230,77
2015SDNdespaod01,517300,34,30,0,0,2,1,0,0,1,11,200,72
2015TORtollest01,517300,19,41,9,3,11,5,1,0,4,9,185,71
2015COLblackch02,517500,157,614,93,58,176,31,9,17,46,112,221,75
2015COLlemahdj01,517500,150,564,85,61,170,21,5,6,50,107,220,76
2015LAAshoemma01,517500,25,1,0,0,0,0,0,0,1,0,225,74
2015MINvargake01,517500,58,175,18,17,42,4,0,5,9,54,290,77
2015OAKpomerdr01,517500,53,0,0,0,0,0,0,0,0,0,246,77
2015PHIascheco01,517500,129,425,41,39,104,22,3,12,26,111,205,73
2015SFNkontoge01,517500,73,2,0,0,0,0,0,0,0,2,225,75
2015NYNreckean01,517880,32,80,6,5,10,1,0,2,11,35,240,74
2015PITsanchto01,518000,3,8,2,0,3,0,0,0,1,3,220,71
2015SLNsiegrke01,518000,81,0,0,0,0,0,0,0,0,0,230,77
2015CHAdrabeky01,518200,3,0,0,0,0,0,0,0,0,0,205,74
2015WASmoorety01,518200,97,187,14,27,38,12,0,6,11,45,220,74
2015TEXchiriro01,518290,78,233,33,34,54,16,1,10,28,62,220,73
2015TORhendrli01,518400,58,0,0,0,0,0,0,0,1,0,235,72
2015NYAmurphjr01,518700,67,155,21,14,43,9,1,3,12,43,200,71
2015BALmcfartj01,519000,30,0,0,0,0,0,0,0,0,0,200,75
2015PHIgileske01,519000,69,0,0,0,0,0,0,0,0,0,210,75
2015SEApaxtoja01,519000,13,2,0,0,0,0,0,0,0,2,227,76
2015ARIpolloaj01,519500,157,609,111,76,192,39,6,20,53,89,210,73
2015MILdaviskh01,519500,121,392,54,66,97,16,2,27,44,122,205,71
2015TEXtollesh01,519700,73,0,0,0,0,0,0,0,0,0,214,73
2015SDNmyerswi01,519800,60,225,40,29,57,13,1,8,27,55,207,75
2015ATLwoodal02,520000,20,33,1,4,5,1,0,0,3,21,215,76
2015CHApetrija01,520000,62,0,0,0,0,0,0,0,0,0,218,76
2015CHNoltmi01,520000,6,15,1,1,2,0,0,1,0,6,210,74
2015DETrominan01,520000,109,184,25,15,47,5,0,2,11,46,190,73
2015MIAhandbr01,520000,38,17,1,2,2,0,0,0,0,5,224,75
2015MINthompaa01,520000,41,0,0,0,0,0,0,0,0,0,205,75
2015SLNmartica04,520000,32,56,2,0,8,2,0,0,1,23,200,72
2015SLNwachami01,520000,30,52,5,4,8,1,0,0,4,20,215,78
2015SLNwongko01,520000,150,557,71,61,146,28,4,11,36,95,185,67
2015TORredmoto01,520000,7,0,0,0,0,0,0,0,0,0,240,75
2015TORhutchdr01,520100,31,0,0,0,0,0,0,0,0,0,215,75
2015CLEmcallza01,520400,61,0,0,0,0,0,0,0,0,0,240,78
2015PITfloripe01,521000,24,23,5,1,2,0,1,0,2,12,185,74
2015TBAboxbebr01,521400,69,0,0,0,0,0,0,0,0,0,211,70
2015BALgausmke01,522000,25,0,0,0,0,0,0,0,0,0,190,74
2015SLNkozmape01,522000,76,99,15,2,15,0,0,0,10,21,190,72
2015TBAodorija01,522000,28,4,0,0,0,0,0,0,0,2,190,74
2015CINbourgja01,522500,68,196,28,14,47,5,2,3,14,33,195,69
2015LANhatchch02,522500,49,1,0,0,0,0,0,0,0,0,200,73
2015LANrodrist02,522500,18,0,0,0,0,0,0,0,0,0,220,75
2015LANvanslsc01,522500,96,222,19,30,53,14,0,6,23,62,215,76
2015SFNpanikjo01,522500,100,382,59,37,119,27,2,8,38,42,205,73
2015TBAramirer02,522800,34,2,0,0,0,0,0,0,0,2,220,72
2015NYNtorreal01,522900,39,1,0,0,0,0,0,0,0,0,190,70
2015BALbrachbr01,523000,62,0,0,0,0,0,0,0,0,0,215,78
2015CHAgarciav01,523000,148,553,66,59,142,17,2,13,36,141,250,76
2015CHAjennida01,523000,53,0,0,0,0,0,0,0,0,0,215,75
2015SEAzuninmi01,523500,112,350,28,28,61,11,0,11,21,132,235,74
2015NYNfamilje01,523925,76,0,0,0,0,0,0,0,0,0,240,75
2015ARIcorbipa01,524000,16,25,1,3,3,0,0,0,3,11,220,76
2015HOUkeuchda01,524500,33,5,0,0,1,0,0,0,0,4,205,74
2015CHAputnaza01,525000,49,0,0,0,0,0,0,0,0,0,220,74
2015DETcasteni01,525000,154,549,42,73,140,33,6,15,39,152,203,76
2015PITpolangr01,525000,153,593,83,52,152,35,6,9,55,121,240,77
2015WASrobincl01,525000,126,309,44,34,84,15,1,10,37,52,240,77
2015HOUdedunsa01,525100,9,0,0,0,0,0,0,0,0,0,210,75
2015SDNvinceni01,525300,26,0,0,0,0,0,0,0,0,0,185,70
2015LAAnieuwki01,525415,10,22,4,1,3,2,0,0,2,9,225,75
2015NYNdarnatr01,525424,67,239,31,41,64,14,1,12,23,49,210,74
2015BALloughda01,525500,84,134,14,12,27,1,1,4,5,36,175,70
2015CINcingrto01,525500,35,2,1,1,0,0,0,0,0,1,217,76
2015MILperalwi01,525500,20,30,1,1,1,0,0,0,3,15,255,73
2015ARIdelgara01,526000,64,1,0,0,0,0,0,0,0,1,220,76
2015HOUgattiev01,526500,153,566,66,88,139,20,11,27,30,119,270,76
2015SEAfarquda01,527000,43,0,0,0,0,0,0,0,0,0,185,69
2015SEAmedinyo01,527300,12,0,0,0,0,0,0,0,0,0,245,75
2015SFNmachije01,527500,33,3,0,0,0,0,0,0,0,2,257,71
2015TORloupaa01,527500,60,0,0,0,0,0,0,0,0,0,210,71
2015SEAmillebr02,527600,144,438,44,46,113,22,4,11,47,101,195,74
2015BOSbradlja02,528000,74,221,43,43,55,17,4,10,27,69,196,70
2015PHIdefraju01,528000,61,3,0,0,1,0,0,0,0,1,225,76
2015NYNlagarju01,528696,143,441,47,41,114,16,5,6,16,87,219,74
2015WASroarkta01,529600,40,27,1,0,5,2,0,0,0,9,238,74
2015ATLavilalu01,530000,50,0,0,0,0,0,0,0,0,0,220,74
2015MIAramosaj01,530000,71,0,0,0,0,0,0,0,0,0,200,70
2015MINsantada01,530000,91,261,30,21,56,10,5,0,6,68,195,71
2015SLNmanesse01,530000,77,3,0,0,0,0,0,0,0,2,190,72
2015BOSholtbr01,530500,129,454,56,45,127,27,6,2,46,97,180,68
2015PITcolege01,531000,33,60,5,2,9,0,0,0,2,28,220,76
2015PITlockeje01,531000,30,45,1,2,3,1,0,0,2,18,200,72
2015CHNgrimmju01,531500,62,1,0,0,0,0,0,0,0,1,210,75
2015MIAmorribr01,531500,67,0,0,0,0,0,0,0,0,0,220,75
2015MIAsolando01,531500,55,90,6,7,17,3,1,0,1,18,210,68
2015KCAkratzer01,532500,4,4,0,1,0,0,0,0,0,2,250,76
2015MINarciaos01,532500,19,58,6,8,16,0,0,2,4,15,225,72
2015MINescobed01,532500,127,409,48,58,107,31,4,12,28,86,193,70
2015MILsegurje01,534000,142,560,57,50,144,16,5,6,13,93,220,70
2015SLNadamsma01,534000,60,175,14,24,42,9,0,5,10,41,245,75
2015ATLmillesh01,535000,33,56,1,0,3,2,0,0,4,29,225,75
2015CINhoovejj01,535000,67,0,0,0,0,0,0,0,0,0,240,75
2015SLNrosentr01,535000,68,1,0,0,0,0,0,0,0,1,230,74
2015PHIdiekmja01,535500,41,0,0,0,0,0,0,0,0,0,195,76
2015LAAcalhoko01,537500,159,630,78,83,161,23,2,26,45,164,205,70
2015MINgibsoky01,537500,32,5,0,0,1,0,0,0,0,2,215,78
2015PITmercejo03,538000,116,394,34,34,96,21,0,3,27,73,210,75
2015MIAcosarja01,540000,15,17,0,1,1,0,0,0,0,8,206,75
2015SDNmiddlwi01,540500,83,255,23,29,54,7,2,9,11,60,220,75
2015BOSbogaexa01,543000,156,613,84,81,196,35,3,7,32,101,218,74
2015CHNrondohe01,544000,72,0,0,0,0,0,0,0,0,0,225,75
2015CINhamilbi02,545000,114,412,56,28,93,8,3,4,28,75,160,72
2015MIAozunama01,545000,123,459,47,44,119,27,0,10,30,110,225,73
2015SDNnorride01,545000,147,515,65,62,129,33,2,14,35,131,235,72
2015CLEallenco01,547100,70,0,0,0,0,0,0,0,0,0,210,73
2015BALmachama01,548000,162,633,102,86,181,30,1,35,70,111,218,75
2015CHAgillaco01,550000,58,173,10,15,41,11,1,3,9,34,195,73
2015MINrobinsh01,550000,83,180,28,16,45,7,3,0,12,29,170,69
2015NYAgregodi01,553900,155,525,57,56,139,24,2,9,33,85,205,75
2015NYArominau01,554100,1,2,0,0,0,0,0,0,0,0,216,73
2015MIAkoehlto01,555000,32,50,2,1,6,1,0,0,2,28,235,74
2015NYAwilsoju10,556000,74,0,0,0,0,0,0,0,0,0,205,74
2015NYNdegroja01,556875,31,59,3,4,11,1,0,0,3,16,180,76
2015BOSlayneto01,557000,64,0,0,0,0,0,0,0,0,0,195,74
2015BOSrossro01,566500,54,0,0,0,0,0,0,0,0,0,215,71
2015MIAyelicch01,570000,126,476,63,44,143,30,2,7,47,101,195,75
2015NYAwarread01,572600,43,3,0,0,0,0,0,0,0,1,224,73
2015PHIjimence01,575000,3,0,0,0,0,0,0,0,0,0,215,72
2015BOSvarvaan01,576500,9,0,0,0,0,0,0,0,0,0,190,72
2015NYNtorreca01,582125,59,1,1,0,1,0,0,0,0,0,180,73
2015LANwielajo01,590000,2,1,0,0,0,0,0,0,0,1,205,74
2015ARIreynoma02,600000,18,0,0,0,0,0,0,0,0,0,240,77
2015BOSkellyjo05,603000,25,5,0,1,1,0,0,0,0,2,174,73
2015NYNharvema01,614125,29,65,1,7,7,2,0,1,0,31,220,76
2015OAKrodrife02,635000,56,0,0,0,0,0,0,0,0,0,235,75
2015PHImcgowdu01,650000,14,3,0,0,0,0,0,0,0,3,235,75
2015MIAfernajo02,651000,11,18,2,2,3,1,0,1,0,4,240,75
2015CHAjonesna01,660000,19,0,0,0,0,0,0,0,0,0,230,77
2015KCAyoungch03,675000,34,4,0,3,2,0,0,0,0,1,255,82
2015LANgrandya01,693000,115,355,43,47,83,12,0,16,65,92,225,74
2015TBAwilsobo02,700000,25,55,3,4,8,0,0,0,4,20,230,72
2015KCAcolemlo01,725000,4,0,0,0,0,0,0,0,0,0,205,76
2015NYNcarlybu01,725000,11,0,0,0,0,0,0,0,0,0,210,75
2015TEXbassan01,725000,33,0,0,0,0,0,0,0,0,0,200,74
2015MINboyerbl01,750000,68,0,0,0,0,0,0,0,0,0,235,75
2015SLNcruzto03,775000,69,142,6,11,29,7,1,2,6,32,215,71
2015OAKdoolise01,780000,12,0,0,0,0,0,0,0,0,0,204,74
2015ARIhudsoda01,800000,64,1,0,0,0,0,0,0,0,1,215,75
2015PHIgomezje01,800000,65,1,0,0,0,0,0,0,0,1,215,75
2015SFNsanchhe01,800000,28,56,5,5,10,4,0,1,2,14,220,72
2015TBAfrierer01,800000,22,0,0,0,0,0,0,0,0,0,205,72
2015MILmaldoma01,825000,79,229,19,22,48,7,0,4,23,65,230,72
2015CHAeatonad02,850000,153,610,98,56,175,28,9,14,58,131,180,69
2015KCAmadsory01,850000,68,0,0,0,0,0,0,0,0,0,234,78
2015PHIblancan01,850000,106,233,32,25,68,22,3,7,21,44,192,70
2015SDNnievewi01,850000,6,13,1,4,1,0,0,1,1,4,190,71
2015ARIpachejo01,900000,29,66,8,8,16,0,0,2,9,14,200,73
2015CHNherrejo03,900000,73,126,14,14,29,5,1,2,2,23,180,69
2015CLEatchisc01,900000,23,0,0,0,0,0,0,0,0,0,200,74
2015CLEswarzan01,900000,10,0,0,0,0,0,0,0,0,0,215,76
2015TEXrosalad01,900000,55,114,14,7,26,4,0,3,10,30,200,74
2015CHAguerrja01,937500,3,0,0,0,0,0,0,0,0,0,215,73
2015KCAventuyo01,950000,28,6,0,0,0,0,0,0,0,5,195,72
2015PHIfrancje02,950000,119,326,34,45,84,16,1,13,13,77,225,76
2015TEXcorpoca01,975000,33,107,10,15,19,4,0,3,6,40,240,74
2015LAAbuterdr01,987500,10,21,3,0,4,0,0,0,0,2,212,73
2015PITcervefr01,987500,130,451,56,43,133,17,5,7,46,94,220,72
2015LAAcowgico01,995000,55,69,10,2,13,2,1,1,4,19,190,69
2015ARIlairdge01,1000000,1,2,0,0,0,0,0,0,0,0,230,73
2015ATLteherju01,1000000,33,52,0,2,5,0,0,0,2,9,205,74
2015ATLyounger03,1000000,35,77,7,5,13,4,2,0,6,17,195,70
2015CINbadenbu01,1000000,68,1,0,0,0,0,0,0,0,0,205,77
2015CLEgomesya01,1000000,95,363,38,45,84,22,0,12,13,104,212,74
2015COLbetanra01,1000000,45,0,0,0,0,0,0,0,0,0,215,74
2015DETchambjo03,1000000,30,0,0,0,0,0,0,0,0,0,245,75
2015DETgorzeto01,1000000,48,0,0,0,0,0,0,0,0,0,218,75
2015HOUpreslal01,1000000,8,12,1,1,3,0,0,0,1,5,195,70
2015HOUthatcjo01,1000000,43,0,0,0,0,0,0,0,0,0,230,74
2015PITlizra01,1000000,14,1,0,0,0,0,0,0,0,0,200,74
2015SFNmaxweju01,1000000,100,249,26,26,52,8,2,7,20,76,225,76
2015TEXperezma02,1000000,14,2,0,0,0,0,0,0,0,2,200,72
2015TORsmoakju01,1000000,132,296,44,59,67,16,1,18,29,86,220,76
2015WASjohnsre02,1000000,17,22,0,3,5,1,0,0,0,6,185,70
2015TORsanchaa01,1021600,41,0,0,0,0,0,0,0,0,0,210,76
2015TBAfrankni01,1021800,44,101,11,7,16,4,1,3,7,37,190,73
2015ARIperalda01,1024000,149,462,61,78,144,26,10,17,44,107,210,73
2015MINnunezed02,1025000,72,188,23,20,53,14,1,4,12,29,195,72
2015HOUgonzama01,1062500,120,344,44,34,96,18,1,12,16,74,205,73
2015BALflahery01,1075000,91,267,34,31,54,8,3,9,26,81,205,75
2015HOUcongeha01,1075000,73,201,25,33,46,11,0,11,23,63,220,74
2015MILkintzbr01,1075000,7,1,0,0,0,0,0,0,0,0,200,70
2015OAKsogarer01,1075000,120,372,40,37,92,12,3,1,23,50,180,70
2015PIThugheja02,1075000,76,0,0,0,0,0,0,0,0,0,240,79
2015OAKabadfe01,1087500,62,0,0,0,0,0,0,0,0,0,235,74
2015COLmckenmi01,1087600,58,127,20,17,26,7,3,4,22,41,205,70
2015SFNishiktr01,1100000,6,5,1,0,0,0,0,0,1,3,220,75
2015TBAforsylo01,1100000,153,540,69,68,152,33,2,17,55,111,195,73
2015TEXfujikky01,1100000,2,0,0,0,0,0,0,0,0,0,190,72
2015LAApestavi01,1150000,19,0,0,0,0,0,0,0,0,0,210,72
2015SDNamarial01,1150000,118,324,28,30,66,10,4,3,24,55,160,66
2015TBAarchech01,1166667,34,5,0,0,0,0,0,0,0,3,195,74
2015CLEklubeco01,1200000,32,6,0,0,0,0,0,0,0,3,215,76
2015TBAriverre01,1200000,110,298,16,26,53,14,0,5,11,86,215,70
2015WASlobatjo01,1200000,44,136,11,20,27,4,0,3,15,40,212,73
2015KCAdysonja01,1225000,90,200,31,18,50,8,6,2,14,37,165,69
2015PITstewach01,1225000,58,159,9,15,46,8,0,0,6,29,215,76
2015CINboescbr01,1250000,51,89,4,5,13,2,0,1,4,30,225,76
2015KCAfrasoja01,1250000,26,0,0,0,0,0,0,0,0,0,180,69
2015MIAkellydo01,1250000,2,1,0,0,0,0,0,0,0,0,215,76
2015COLottavad01,1300000,10,0,0,0,0,0,0,0,0,0,246,77
2015SDNbarmecl01,1300000,98,207,24,16,48,14,1,3,10,55,200,73
2015SEAfurbuch01,1300000,33,0,0,0,0,0,0,0,0,0,215,77
2015LAAramosce01,1312000,65,0,0,0,0,0,0,0,0,0,200,74
2015PITmartest01,1333333,153,579,84,81,166,30,2,19,27,123,195,73
2015LAAsalasfe01,1370000,72,0,0,0,0,0,0,0,0,0,200,74
2015MINfienca01,1375000,62,0,0,0,0,0,0,0,0,0,210,74
2015SDNthayeda01,1375000,38,0,0,0,0,0,0,0,0,0,210,72
2015ARIcollmjo01,1400000,44,27,2,1,5,0,0,0,3,9,240,75
2015CINpenabr01,1400000,108,333,17,18,91,17,0,0,29,34,240,69
2015COLbrothre01,1400000,17,0,0,0,0,0,0,0,0,0,205,72
2015MIAphelpda01,1400000,23,34,0,0,4,0,0,0,0,16,198,74
2015OAKcookry01,1400000,4,0,0,0,0,0,0,0,0,0,227,73
2015SEAwilheto01,1400000,53,0,0,0,0,0,0,0,0,0,220,78
2015DETiglesjo01,1443750,120,416,44,23,125,17,3,2,25,44,195,71
2015NYNmaybejo02,1450000,59,110,8,9,18,6,1,3,9,33,235,78
2015SFNariasjo01,1450000,40,58,5,4,12,1,0,1,0,12,185,73
2015NYArogeres01,1480000,18,0,0,0,0,0,0,0,0,0,200,75
2015ATLjohnske05,1500000,62,182,20,34,50,5,0,9,13,43,200,73
2015BOSogandal01,1500000,64,0,0,0,0,0,0,0,0,0,200,76
2015CHAalberma01,1500000,30,0,0,0,0,0,0,0,0,0,225,73
2015CHAsotoge01,1500000,78,187,20,21,41,8,0,9,21,63,225,73
2015CINgreggke01,1500000,11,0,0,0,0,0,0,0,0,0,245,78
2015CINmarquja01,1500000,10,16,2,1,3,1,0,0,0,4,220,73
2015CLEtomlijo01,1500000,10,0,0,0,0,0,0,0,0,0,190,73
2015COLdescada01,1500000,101,185,22,22,38,3,2,5,20,45,190,70
2015MIAmathije01,1500000,32,93,9,12,15,4,1,2,7,24,205,72
2015PHIbillich01,1500000,7,13,2,1,1,0,0,1,0,5,240,73
2015CLEshawbr01,1550000,74,0,0,0,0,0,0,0,0,0,226,73
2015MINschafjo02,1550000,27,69,9,5,15,3,0,0,3,23,205,73
2015ATLjohnsji04,1600000,49,0,0,0,0,0,0,0,0,0,250,78
2015KCAherreke01,1600000,72,0,0,0,0,0,0,0,0,0,220,70
2015OAKgentrcr01,1600000,26,50,6,3,6,0,2,0,4,15,190,74
2015SDNalonsyo01,1650000,103,354,50,31,100,18,1,5,42,48,230,73
2015SLNbourjpe01,1650000,117,195,32,13,39,8,3,4,19,59,190,73
2015OAKvalenda01,1675000,47,183,33,37,52,10,1,11,20,40,210,74
2015CINiglesra01,1714286,18,30,0,1,2,0,1,0,0,13,190,74
2015DETalbural01,1725000,67,0,0,0,0,0,0,0,0,0,195,72
2015KCAperezsa02,1750000,142,531,52,70,138,25,0,21,13,82,255,75
2015OAKfuldsa01,1750000,120,290,34,22,57,16,3,2,30,55,180,69
2015PITwatsoto01,1750000,77,0,0,0,0,0,0,0,0,0,224,75
2015TORtholejo01,1750000,18,49,5,2,10,2,0,0,3,9,190,73
2015WASespinda01,1800000,118,367,59,37,88,21,1,13,33,106,205,72
2015BOSnavada01,1850000,29,66,6,7,10,2,0,0,8,17,195,70
2015CINlecursa01,1850000,19,1,0,0,0,0,0,0,0,0,210,72
2015KCAmoralfr01,1850000,67,0,0,0,0,0,0,0,0,0,210,73
2015NYNtejadru01,1880000,116,360,36,28,94,23,0,3,38,70,200,71
2015PITrodrise01,1900000,139,224,25,17,55,12,1,4,5,63,199,72
2015MIAhechaad01,1925000,130,470,54,48,132,17,6,5,23,78,195,72
2015OAKlawribr01,1925000,149,562,64,60,146,29,3,16,28,144,210,72
2015CLEbauertr01,1940000,31,6,0,0,1,0,0,0,1,1,205,73
2015CHAnoesihe01,1950000,10,0,0,0,0,0,0,0,0,0,220,76
2015ARIhernada01,2000000,40,0,0,0,0,0,0,0,0,0,245,75
2015ATLpierzaj01,2000000,113,407,38,49,122,24,1,9,19,37,250,75
2015BOSbreslcr01,2000000,45,0,0,0,0,0,0,0,0,0,190,72
2015CHAbeckhgo01,2000000,100,211,24,20,44,8,0,6,19,43,188,72
2015HOUsingljo02,2000000,19,47,6,6,9,2,0,1,10,17,230,74
2015KCAmedlekr01,2000000,15,0,1,0,0,0,0,0,0,0,190,70
2015MIAsuzukic01,2000000,153,398,45,21,91,5,6,1,31,51,175,71
2015MINdoziebr01,2000000,157,628,101,77,148,39,4,28,61,148,200,71
2015NYAryanbr01,2000000,47,96,10,8,22,6,2,0,5,29,190,73
2015PHIsizemgr01,2000000,39,98,4,6,24,5,0,0,6,23,205,74
2015SDNgyorkje01,2000000,128,421,34,57,104,15,0,16,27,107,205,70
2015SEAweeksri01,2000000,37,84,7,9,14,1,0,2,9,25,210,72
2015SLNreynoma01,2000000,140,382,35,48,88,21,2,13,44,121,220,74
2015SLNvillaca01,2000000,35,8,0,0,0,0,0,0,0,5,220,74
2015BALsnidetr01,2100000,69,211,23,20,50,9,2,3,23,56,230,72
2015CHNcastiwe01,2100000,24,43,5,5,7,2,0,2,3,12,215,70
2015MIAbakerje03,2100000,41,72,11,8,15,3,0,3,8,25,220,74
2015NYApinedmi01,2100000,27,2,0,0,0,0,0,0,0,1,280,79
2015SFNpetityu01,2100000,42,9,1,0,0,0,0,0,0,3,252,73
2015OAKchaveje01,2150000,30,3,0,0,1,0,0,0,0,2,175,73
2015LANheisech01,2160000,33,55,8,9,10,2,0,2,15,17,220,73
2015MINstaufti01,2200000,13,0,0,0,0,0,0,0,0,0,215,73
2015BALyoungde03,2250000,52,174,20,16,47,6,0,2,4,29,240,75
2015BOStazawju01,2250000,61,0,0,0,0,0,0,0,0,0,200,71
2015CHNcokeph01,2250000,16,0,0,0,0,0,0,0,0,0,210,73
2015CLEchiselo01,2250000,106,333,38,44,82,19,1,7,23,69,190,74
2015COLhawkila01,2250000,24,1,0,0,0,0,0,0,0,1,220,77
2015WASstammcr01,2250000,5,0,0,0,0,0,0,0,0,0,228,74
2015LAAsantihe01,2290000,33,5,0,0,1,0,0,0,0,3,215,72
2015LANnicasju01,2300000,54,1,0,0,0,0,0,0,0,0,250,76
2015CLEcarraca01,2337500,30,1,0,0,1,0,0,0,0,0,224,76
2015CINcozarza01,2350000,53,194,28,28,50,10,1,9,14,29,204,72
2015MIAdunnmi01,2350000,72,1,0,0,1,0,0,0,0,0,212,72
2015BALcabreev01,2400000,29,96,7,4,20,2,0,0,5,22,190,70
2015CLErzepcma01,2400000,45,0,0,0,0,0,0,0,0,0,220,74
2015HOUsippto01,2400000,60,0,0,0,0,0,0,0,0,0,190,72
2015KCAduffyda01,2425000,30,0,0,0,0,0,0,0,0,0,205,75
2015PITworleva01,2450000,24,17,1,0,3,1,0,0,0,6,240,74
2015COLlylesjo01,2475000,11,19,0,0,0,0,0,0,0,11,230,77
2015TORcecilbr01,2475000,63,0,0,0,0,0,0,0,0,0,200,74
2015ARIperezol01,2500000,48,0,0,0,0,0,0,0,0,0,225,75
2015CHNrossda01,2500000,72,159,6,9,28,9,0,1,20,61,230,74
2015CINschumsk01,2500000,131,244,23,21,59,20,0,1,23,51,185,70
2015CLEraburry01,2500000,82,173,22,29,52,16,1,8,23,44,185,72
2015HOUaltuvjo01,2500000,154,638,86,66,200,40,4,15,33,67,166,66
2015LANperaljo01,2500000,33,1,0,0,0,0,0,0,0,1,210,70
2015LANturneju01,2500000,126,385,55,60,113,26,1,16,36,71,202,71
2015MIAgordode01,2500000,145,615,88,46,205,24,8,4,25,91,166,71
2015NYAyoungch04,2500000,140,318,53,42,80,20,1,14,30,73,200,74
2015PIThartco01,2500000,35,54,3,9,12,1,0,2,1,19,240,78
2015PITkangju01,2500000,126,421,60,58,121,24,2,15,28,99,210,72
2015SDNmorrobr01,2500000,5,9,0,0,0,0,0,0,1,8,207,75
2015WASharpebr03,2500000,153,521,118,99,172,38,1,42,124,131,210,75
2015WASrendoan01,2500000,80,311,43,25,82,16,0,5,36,70,200,73
2015CHNcoghlch01,2505000,148,440,64,41,110,25,6,16,58,94,195,72
2015SEAruggiju01,2505000,36,70,8,3,15,4,0,2,11,27,210,73
2015CHNstroppe01,2525000,76,0,0,0,0,0,0,0,0,0,220,73
2015CINmesorde01,2525000,23,45,2,2,8,1,1,0,5,9,229,73
2015LANbarneda01,2525000,2,4,0,0,0,0,0,0,0,0,180,70
2015NYNmejiaje01,2595000,7,0,0,0,0,0,0,0,0,0,205,72
2015CHNdenorch01,2600000,103,212,18,18,57,11,1,3,15,56,195,72
2015COLaxforjo01,2600000,60,0,0,0,0,0,0,0,0,0,234,77
2015PHIbrowndo01,2600000,63,189,19,25,43,6,1,5,14,36,225,77
2015SEAackledu01,2600000,85,186,22,19,40,8,1,6,14,38,205,73
2015KCAmoustmi01,2640000,147,549,73,82,156,34,1,22,43,76,225,72
2015HOUcarmofa01,2650000,20,2,1,0,0,0,0,0,1,2,270,76
2015TBAsmylydr01,2650000,12,0,0,0,0,0,0,0,0,0,188,74
2015CHNsolerjo01,2666667,101,366,39,47,96,18,1,10,32,121,235,76
2015CHAflowety01,2675000,112,331,21,39,79,12,0,9,21,104,260,76
2015SLNwaldejo01,2675000,12,0,0,0,0,0,0,0,0,0,250,77
2015MINduensbr01,2700000,55,1,0,0,0,0,0,0,0,0,200,72
2015KCAcainlo01,2725000,140,551,101,72,169,34,6,16,37,98,214,74
2015SEAmorrilo01,2725000,146,457,47,54,103,15,3,17,47,81,245,75
2015LANbeachbr01,2750000,2,2,0,0,0,0,0,0,0,1,220,74
2015MINmilonto01,2775000,24,2,0,0,0,0,0,0,0,1,215,72
2015COLrosarwi01,2800000,87,231,22,29,62,14,1,6,8,56,225,71
2015SDNkellesh01,2835000,53,0,0,0,0,0,0,0,0,0,237,74
2015TORsaundmi01,2875000,9,31,2,3,6,0,0,0,5,10,225,76
2015TEXmorelmi01,2950000,132,471,51,85,131,27,0,23,32,112,245,75
2015ATLcallaal01,3000000,37,107,12,8,22,2,0,1,14,10,210,68
2015ATLsimmoan01,3000000,147,535,60,44,142,23,2,4,39,48,195,74
2015CHAbonifem01,3000000,47,78,5,4,13,2,0,0,2,27,200,70
2015DETmartijd02,3000000,158,596,93,102,168,33,2,38,53,178,230,75
2015HOUquallch01,3000000,60,0,0,0,0,0,0,0,0,0,235,76
2015KCAescobal02,3000000,148,612,76,47,157,20,5,3,26,75,205,73
2015MILcottsne01,3000000,51,0,0,0,0,0,0,0,0,0,200,74
2015MILlucrojo01,3000000,103,371,51,43,98,20,3,7,36,64,200,72
2015SEAbloomwi01,3000000,35,69,2,4,11,1,0,0,2,13,200,71
2015SLNchoatra01,3000000,71,0,0,0,0,0,0,0,1,0,205,73
2015TBAmoorema02,3000000,12,1,0,0,0,0,0,0,0,0,210,75
2015TBAjepseke01,3025000,46,0,0,0,0,0,0,0,0,0,235,75
2015PITharrijo05,3050000,114,418,57,28,120,29,1,4,19,71,190,68
2015ARIgoldspa01,3100000,159,567,103,110,182,38,2,33,118,151,220,75
2015COLhundlni01,3100000,103,366,45,43,110,21,5,10,21,76,203,72
2015PITbastaan01,3100000,66,2,0,0,0,0,0,0,0,2,202,71
2015TBAjennide01,3100000,28,97,9,7,26,2,1,1,8,17,210,74
2015SFNcrawfbr01,3175000,143,507,65,84,130,33,4,21,39,119,223,73
2015TBAjasojo01,3175000,70,185,23,22,53,17,0,5,28,39,202,74
2015BALbrittza01,3200000,64,0,0,0,0,0,0,0,0,0,200,73
2015BALmatusbr01,3200000,58,0,0,0,0,0,0,0,0,0,190,77
2015LAArichaga01,3200000,32,0,0,0,0,0,0,0,0,0,210,74
2015ARIpennicl01,3275000,72,135,15,10,32,3,0,1,16,29,200,70
2015BALgonzami03,3275000,26,1,0,0,0,0,0,0,0,0,180,73
2015NYAeovalna01,3300000,27,5,1,0,0,0,0,0,0,2,217,74
2015NYAnovaiv01,3300000,17,0,0,0,0,0,0,0,0,0,250,77
2015CHAquintjo01,3400000,32,8,0,0,0,0,0,0,0,5,220,73
2015TEXdetwiro01,3450000,17,0,0,0,0,0,0,0,0,0,210,77
2015BOShanigry01,3500000,54,174,28,16,43,8,0,2,20,39,225,72
2015CINparrama01,3500000,40,0,0,0,0,0,0,0,0,0,215,75
2015CLEavilemi01,3500000,98,290,37,17,67,10,0,5,20,38,205,70
2015MILrodrifr03,3500000,60,0,0,0,0,0,0,0,0,0,195,72
2015SLNbelisma01,3500000,34,0,0,0,0,0,0,0,0,0,230,75
2015WASjanssca01,3500000,48,0,0,0,0,0,0,0,0,0,210,76
2015WASthornma01,3500000,60,0,0,0,0,0,0,0,0,0,235,78
2015TBAmcgeeja01,3550000,39,0,0,0,0,0,0,0,0,0,229,76
2015WASramoswi01,3550000,128,475,41,68,109,16,0,15,21,101,241,73
2015SFNbeltbr01,3600000,137,492,73,68,138,33,5,18,56,147,231,75
2015SFNblancgr01,3600000,115,327,59,26,95,19,3,5,40,59,187,70
2015CHNarrieja01,3630000,33,79,5,2,12,1,1,2,1,45,230,76
2015BOSmileywa01,3666000,32,2,0,0,0,0,0,0,0,0,220,74
2015BALpearcst01,3700000,92,294,42,40,64,13,1,15,23,69,200,71
2015NYNparnebo01,3700000,30,0,0,0,0,0,0,0,0,0,205,75
2015SLNcarpema01,3750000,154,574,101,84,156,44,3,28,81,151,210,76
2015OAKdavisik02,3800000,74,214,19,20,49,17,0,3,23,44,220,76
2015TORestrama01,3900000,34,6,0,0,2,0,0,0,0,2,180,72
2015ATLgomesjo01,4000000,83,195,27,22,43,7,0,7,28,67,230,73
2015CHNwadats01,4000000,8,8,1,0,0,0,0,0,1,5,180,71
2015CLEfloydga01,4000000,7,0,0,0,0,0,0,0,0,0,245,76
2015HOUcastrja01,4000000,104,337,38,31,71,19,0,11,33,115,215,75
2015KCAhochelu01,4000000,50,0,0,0,0,0,0,0,0,0,225,77
2015LANhoweljp01,4000000,65,0,0,0,0,0,0,0,0,0,180,72
2015MIAalvarhe01,4000000,4,6,1,1,2,1,0,0,0,1,205,72
2015PITtabatjo01,4000000,27,38,2,4,11,0,0,0,2,7,210,71
2015SFNaokino01,4000000,93,355,42,26,102,12,3,5,30,25,180,69
2015SFNlopezja02,4000000,77,0,0,0,0,0,0,0,0,0,220,76
2015SFNvogelry01,4000000,33,36,3,2,5,1,0,1,1,13,215,76
2015TEXlewisco01,4000000,33,2,0,0,0,0,0,0,0,2,240,76
2015SDNcashnan01,4050000,38,60,2,1,5,0,0,0,1,24,235,78
2015OAKreddijo01,4100000,149,526,67,77,143,25,4,20,49,65,197,74
2015PHIreverbe01,4100000,96,366,49,26,109,13,6,1,19,36,175,69
2015SLNjayjo02,4125000,79,210,25,10,44,5,1,1,19,36,200,71
2015TEXfelizne01,4125000,18,0,0,0,0,0,0,0,0,0,235,75
2015CLEkipnija01,4166666,141,565,86,52,171,43,7,9,57,107,200,71
2015HOUcartech02,4175000,129,391,50,64,78,17,0,24,57,151,245,76
2015HOUvalbulu01,4200000,132,434,62,56,97,18,0,25,50,106,215,70
2015NYNdudalu01,4200000,135,471,67,73,115,33,0,27,66,138,255,76
2015ATLgrillja01,4250000,36,0,0,0,0,0,0,0,0,0,235,77
2015BALodayda01,4250000,68,0,0,0,0,0,0,0,0,0,220,76
2015LANellisaj01,4250000,63,181,24,21,43,9,0,7,32,38,225,74
2015SDNvenabwi01,4250000,98,283,34,30,73,10,3,6,25,73,205,75
2015ARIhellije01,4275000,29,41,3,7,9,0,0,0,2,14,190,73
2015TORdonaljo02,4300000,158,620,122,123,184,41,2,41,73,133,210,73
2015BALtillmch01,4315000,31,2,0,0,0,0,0,0,0,2,200,77
2015CHAdukeza01,4500000,71,0,0,0,0,0,0,0,0,0,210,74
2015CHNmotteja01,4500000,57,0,0,0,0,0,0,0,0,0,205,72
2015CINfrazito01,4500000,157,619,82,89,158,43,1,35,44,137,215,75
2015SEAseageky01,4500000,161,623,85,74,166,37,0,26,54,98,216,72
2015BALhunteto02,4650000,39,0,0,0,0,0,0,0,0,0,250,75
2015MINperkigl01,4650000,60,0,0,0,0,0,0,0,0,0,205,72
2015BALchenwe02,4750000,31,0,0,0,0,0,0,0,0,0,200,72
2015BOSmujiced01,4750000,11,0,0,0,0,0,0,0,0,0,220,75
2015LAAjoycema01,4750000,93,247,17,21,43,12,1,5,30,67,194,74
2015TEXmartile01,4750000,95,288,26,25,63,12,0,5,16,69,200,74
2015MINplouftr01,4800000,152,573,74,86,140,35,4,22,50,124,215,74
2015SFNmcgehca01,4800000,49,127,7,11,27,5,0,2,11,28,220,73
2015ARIreedad01,4875000,38,2,0,0,0,0,0,0,0,0,230,76
2015ARIzieglbr01,5000000,66,0,0,0,0,0,0,0,0,0,220,76
2015BALdeazaal01,5000000,30,103,16,7,22,4,1,3,7,34,195,72
2015CHNrizzoan01,5000000,160,586,94,101,163,38,3,31,78,105,240,75
2015DETdavisra01,5000000,112,341,55,30,88,16,11,8,22,76,195,70
2015NYAcapuach01,5000000,22,1,0,0,0,0,0,0,0,0,225,74
2015NYAdrewst01,5000000,131,383,43,44,77,16,1,17,37,71,220,72
2015NYAjonesga02,5000000,57,144,12,17,31,4,1,5,8,37,235,77
2015PHIharanaa01,5000000,29,48,4,0,8,1,0,0,1,18,260,79
2015SFNgarcija01,5000000,67,0,0,0,0,0,0,0,0,0,210,72
2015TBAdejesda01,5000000,82,232,24,26,60,8,2,5,19,39,190,71
2015TORnavardi01,5000000,54,171,17,20,42,7,0,5,17,29,215,69
2015WASescobyu01,5000000,139,535,75,56,168,25,1,9,45,70,215,74
2015LAAsmithjo05,5250000,70,0,0,0,0,0,0,0,0,0,211,74
2015SDNrossty01,5250000,34,56,6,6,14,1,1,1,2,19,254,77
2015NYNgeedi01,5300000,8,10,0,0,1,0,0,0,0,5,205,73
2015DETavilaal01,5400000,67,178,21,13,34,5,0,4,40,66,228,71
2015PITmelanma01,5400000,78,0,0,0,0,0,0,0,0,0,215,73
2015ARItomasya01,5500000,118,406,40,48,111,19,3,9,17,110,260,74
2015BOScraigal01,5500000,36,79,6,3,12,1,0,1,7,26,215,74
2015COLkendrky01,5500000,27,43,6,2,8,2,0,1,3,16,220,75
2015COLloganbo02,5500000,60,0,0,0,0,0,0,0,0,0,215,77
2015HOUneshepa01,5500000,66,0,0,0,0,0,0,0,0,0,220,75
2015MINpelfrmi01,5500000,30,3,0,0,2,0,0,0,0,1,240,79
2015OAKoflaher01,5500000,25,0,0,0,0,0,0,0,0,0,210,74
2015LAAiannech01,5525000,92,272,28,34,51,10,0,10,41,83,230,72
2015DETsimonal01,5550000,31,5,0,0,0,0,0,0,0,2,265,78
2015KCAhosmeer01,5650000,158,599,98,93,178,33,5,18,61,108,226,76
2015CHNwoodtr01,5686000,60,30,0,2,3,0,0,0,2,16,175,71
2015WASstoredr01,5700000,58,0,0,0,0,0,0,0,0,0,200,73
2015PITalvarpe01,5750000,150,437,60,77,106,18,0,27,48,131,250,75
2015COLstubbdr01,5825000,51,102,14,10,22,3,2,5,9,50,205,76
2015CLEbrantmi02,5875000,137,529,68,84,164,45,0,15,60,51,209,74
2015ATLjohnsch05,6000000,56,153,12,11,36,7,0,2,7,49,225,75
2015CHAsalech01,6000000,31,9,1,0,1,0,0,0,0,4,183,78
2015CLEmurphda07,6000000,84,206,22,27,61,12,1,5,16,29,210,75
2015CLEsantaca01,6000000,154,550,72,85,127,29,2,19,108,122,215,71
2015HOUgregelu01,6000000,64,0,0,0,0,0,0,0,0,0,205,75
2015MINsuzukku01,6000000,131,433,36,50,104,17,0,5,29,59,210,71
2015SEAsmithse01,6000000,136,395,54,42,98,31,5,12,47,99,210,75
2015SFNaffelje01,6000000,52,2,0,0,0,0,0,0,0,2,225,76
2015SFNromose01,6000000,70,2,0,0,0,0,0,0,0,1,185,71
2015LAAtroutmi01,6083000,159,575,104,90,172,32,6,41,92,158,235,74
2015LANpuigya01,6214000,79,282,30,38,72,12,3,11,26,66,240,74
2015MILparrage01,6237500,100,323,53,31,106,24,5,9,20,57,210,71
2015LAAfreesda01,6425000,121,424,53,56,109,27,0,14,31,107,213,74
2015CLEmossbr01,6500000,94,337,36,50,73,17,1,15,32,106,210,73
2015KCAmoralke01,6500000,158,569,81,106,165,41,2,22,58,103,242,73
2015LANguerral01,6500000,106,219,25,36,51,9,1,11,7,57,220,73
2015LANuribeju01,6500000,29,81,6,6,20,2,0,1,5,9,245,72
2015MIAstantmi03,6500000,74,279,47,67,74,12,1,27,34,95,245,78
2015MIAcishest01,6650000,32,0,0,0,0,0,0,0,0,0,215,78
2015OAKbutlebi03,6666000,151,538,63,65,135,28,1,15,52,101,260,72
2015SEAhappja01,6700000,21,1,0,0,0,0,0,0,1,0,205,77
2015COLmorneju01,6750000,49,168,19,15,52,10,3,3,13,25,220,76
2015SFNbumgama01,6750000,36,77,9,9,19,2,0,5,3,27,257,76
2015CHNcastrst01,6857143,151,547,52,69,145,23,2,11,21,91,218,74
2015ARItrumbma01,6900000,46,174,23,23,45,10,3,9,10,39,225,76
2015ATLmaybica01,7000000,141,505,65,59,135,18,2,10,45,102,215,75
2015DETsoriajo01,7000000,43,0,0,0,0,0,0,0,0,0,205,75
2015KCAdaviswa01,7000000,69,0,0,0,0,0,0,0,0,0,225,77
2015LAAstreehu01,7000000,62,0,0,0,0,0,0,0,0,0,205,72
2015NYNniesejo01,7000000,33,52,5,4,9,1,0,0,5,18,215,75
2015SEAiwakuhi01,7000000,20,2,0,0,0,0,0,0,0,2,210,75
2015SEArodnefe01,7000000,54,0,0,0,0,0,0,0,0,0,240,71
2015SLNlynnla01,7000000,31,50,3,1,8,2,0,0,0,26,270,77
2015TORmartiru01,7000000,129,441,76,77,106,23,2,23,53,106,215,70
2015TEXhollade01,7400000,10,0,0,0,0,0,0,0,0,0,223,74
2015WASstrasst01,7400000,23,38,1,0,5,0,0,0,2,17,240,77
2015LANjanseke01,7425000,54,0,0,0,0,0,0,0,0,0,265,77
2015KCAinfanom01,7500000,124,440,39,44,97,23,7,2,9,69,195,71
2015KCAvolqued01,7500000,34,6,0,0,0,0,0,0,0,4,220,72
2015MILlindad01,7500000,149,502,72,87,139,32,0,20,66,100,195,74
2015OAKzobribe01,7500000,67,235,39,33,63,20,2,6,33,26,210,75
2015TBAcabreas01,7500000,143,505,66,58,134,28,5,15,36,107,235,72
2015SEAjacksau01,7700000,107,419,46,38,114,18,3,8,24,107,198,73
2015SLNheywaja01,7800000,154,547,79,60,160,33,4,13,56,90,240,77
2015CINbyrdma01,8000000,96,359,46,42,85,13,3,19,23,101,245,72
2015HOUlowrije01,8000000,69,230,35,30,51,14,0,9,28,43,180,72
2015HOUrasmuco01,8000000,137,432,67,61,103,23,2,25,47,154,195,74
2015MILgomezca01,8000000,74,286,42,43,75,20,1,8,23,70,220,75
2015NYNmurphda08,8000000,130,499,56,73,140,38,2,14,31,38,223,73
2015PITmortoch02,8000000,23,36,0,1,1,0,0,0,1,18,215,77
2015PITwalkene01,8000000,151,543,69,71,146,32,3,16,44,110,214,74
2015SDNbenoijo01,8000000,67,0,0,0,0,0,0,0,0,0,250,76
2015CINchapmar01,8050000,65,1,1,0,0,0,0,0,0,0,218,76
2015KCAhollagr01,8250000,48,0,0,0,0,0,0,0,0,0,210,70
2015BALwietema01,8300000,75,258,24,25,69,14,1,8,21,67,235,77
2015OAKclippty01,8300001,37,0,0,0,0,0,0,0,0,0,200,75
2015ATLfreemfr01,8500000,118,416,62,66,115,27,0,18,56,98,220,77
2015KCAvargaja01,8500000,9,0,0,0,0,0,0,0,0,0,215,72
2015LAAaybarer01,8500000,156,597,74,44,161,30,1,3,25,73,195,70
2015NYNcuddymi01,8500000,117,379,44,41,98,18,1,10,24,88,220,74
2015PHIruizca01,8500000,86,284,23,22,60,13,1,2,28,43,215,70
2015PITburneaj01,8500000,26,42,1,5,5,0,0,1,0,20,230,76
2015CHAabreujo02,8666000,154,613,88,101,178,34,3,30,39,140,235,75
2015TBAloneyja01,8666666,104,361,25,32,101,16,0,4,23,34,235,75
2015BALnorribu01,8800000,18,4,0,0,0,0,0,0,0,1,215,72
2015BOSueharko01,9000000,43,0,0,0,0,0,0,0,0,0,195,74
2015CHNhammeja01,9000000,32,65,6,4,11,1,0,0,1,18,225,78
2015KCAguthrje01,9000000,30,4,0,0,1,0,0,0,0,0,205,73
2015MILbroxtjo01,9000000,40,0,0,0,0,0,0,0,0,0,285,76
2015NYAmillean01,9000000,60,0,0,0,0,0,0,0,0,0,200,79
2015SDNkimbrcr01,9000000,61,1,0,0,0,0,0,0,0,1,215,71
2015SFNpeavyja01,9000000,19,36,5,3,7,2,0,1,1,17,195,73
2015WASspande01,9000000,61,246,38,22,74,17,0,5,25,26,210,72
2015MINhugheph01,9200000,27,3,0,0,0,0,0,0,0,0,240,77
2015SLNgarcija02,9250000,20,41,1,1,4,0,0,0,2,15,215,74
2015MIAlatosma01,9400000,16,18,0,1,5,0,0,0,0,6,245,78
2015BOSmasteju01,9500000,18,3,0,1,2,0,0,0,0,1,260,78
2015CHNfowlede01,9500000,156,596,102,46,149,29,8,17,84,154,205,77
2015LANkendrho01,9500000,117,464,64,54,137,22,2,9,27,82,225,71
2015CINleakemi01,9775000,25,52,3,5,7,3,0,1,0,25,165,70
2015CHAsamarje01,9800000,32,2,0,0,1,0,0,0,0,1,233,76
2015SDNkenneia01,9850000,30,42,3,0,4,3,0,0,0,23,210,72
2015CHAramiral03,10000000,154,583,54,62,145,33,0,10,31,68,180,74
2015CHAroberda08,10000000,60,0,0,0,0,0,0,0,0,0,195,71
2015CINbaileho02,10000000,2,4,0,0,0,0,0,0,0,1,223,76
2015CINcuetojo01,10000000,19,37,1,0,6,0,0,0,1,10,229,71
2015DETnathajo01,10000000,1,0,0,0,0,0,0,0,0,0,230,76
2015HOUfeldmsc01,10000000,18,2,0,0,1,0,0,0,0,1,225,78
2015LANanderbr04,10000000,31,47,1,3,4,1,0,0,5,32,230,76
2015MIAharenda01,10000000,22,32,3,4,5,1,0,0,2,12,215,77
2015PITmccutan01,10000000,157,566,91,96,165,36,3,23,98,133,195,71
2015SDNshielja02,10000000,36,68,7,2,9,2,0,0,1,28,210,75
2015TORencared01,10000000,146,528,94,111,146,31,0,39,77,98,230,73
2015SFNpaganan01,10250000,133,512,55,37,134,21,3,3,32,93,200,74
2015DETcespeyo01,10500000,102,403,62,61,118,28,2,18,19,87,225,71
2015MINhunteto01,10500000,139,521,67,81,125,22,0,22,35,105,220,74
2015ATLmarkani01,11000000,156,612,73,53,181,38,1,3,70,83,210,73
2015KCAriosal01,11000000,105,385,40,32,98,22,2,4,15,67,210,77
2015LANrolliji01,11000000,144,517,71,41,116,24,3,13,44,86,175,67
2015MIApradoma01,11000000,129,500,52,63,144,22,2,9,37,68,215,72
2015MILlohseky01,11000000,41,39,3,1,9,1,0,0,0,10,215,74
2015NYNcolonba01,11000000,33,58,2,4,8,1,0,0,0,24,285,71
2015OAKcrispco01,11000000,44,126,11,6,22,6,0,0,13,25,185,70
2015TBAlongoev01,11000000,160,604,74,73,163,35,1,21,51,132,213,73
2015WASdesmoia01,11000000,156,583,69,62,136,27,2,19,45,187,217,75
2015WASgonzagi01,11000000,31,43,1,2,4,1,0,0,1,18,205,72
2015BOScastiru01,11271000,80,273,35,29,69,10,2,5,13,54,207,69
2015WASfistedo01,11400000,29,31,2,0,7,1,0,0,2,15,210,80
2015BALhardyjj01,11500000,114,411,45,37,90,14,0,8,20,88,200,73
2015PITliriafr01,11666666,31,65,4,7,11,2,0,1,0,28,220,75
2015ARIhillaa01,12000000,116,313,32,39,72,18,0,6,31,54,200,71
2015ATLcahiltr01,12000000,15,5,0,0,1,0,0,0,0,2,223,76
2015BALdavisch02,12000000,160,573,100,117,150,31,0,47,84,208,255,76
2015BOSbuchhcl01,12000000,18,6,0,0,0,0,0,0,0,2,190,75
2015CHAlarocad01,12000000,127,429,41,44,89,21,0,12,49,133,205,74
2015CHNmontemi01,12000000,113,347,36,53,86,11,0,15,49,103,221,71
2015CINbruceja01,12000000,157,580,72,87,131,35,4,26,58,145,230,75
2015CINphillbr01,12000000,148,588,69,70,173,19,2,12,27,68,211,72
2015MINnolasri01,12000000,9,3,0,0,0,0,0,0,0,3,235,74
2015SFNhudsoti01,12000000,24,38,3,1,7,2,0,1,1,11,175,73
2015TORdickera01,12000000,33,3,0,0,0,0,0,0,0,1,215,75
2015BALjimenub01,12250000,32,8,0,2,2,0,0,0,0,4,221,77
2015BOSpedrodu01,12500000,93,381,46,42,111,19,1,12,38,51,170,69
2015BOSporceri01,12500000,28,2,0,0,0,0,0,0,0,2,205,77
2015COLdelarjo01,12500000,26,48,0,3,3,0,0,0,0,18,215,73
2015KCAgordoal01,12500000,104,354,40,48,96,18,0,13,49,92,220,73
2015LANmccarbr01,12500000,4,6,0,1,0,0,0,0,1,5,225,80
2015MILgarzama01,12500000,26,39,0,0,3,0,0,0,1,21,220,76
2015NYAgardnbr01,12500000,151,571,94,66,148,26,3,16,68,135,195,71
2015BOSvictosh01,13000000,33,94,10,4,23,2,0,1,9,14,190,69
2015CHAcabreme01,13000000,158,629,70,77,172,36,2,12,40,88,210,70
2015CHNjacksed01,13000000,23,0,0,0,0,0,0,0,0,0,215,74
2015MILbraunry02,13000000,140,506,87,84,144,27,3,25,54,115,205,74
2015NYAheadlch01,13000000,156,580,74,62,150,29,1,11,51,135,215,74
2015OAKkazmisc01,13000000,18,2,1,1,1,0,0,0,0,1,185,72
2015PHIpapeljo01,13000000,37,0,0,0,0,0,0,0,0,0,230,77
2015BALjonesad01,13333333,137,546,74,82,147,25,3,27,24,102,215,74
2015CLEbournmi01,13500000,95,289,29,19,71,12,1,0,29,76,190,71
2015MINsantaer01,13500000,17,0,0,0,0,0,0,0,0,0,175,74
2015CINvottojo01,14000000,158,545,95,80,171,33,2,29,143,135,220,74
2015DETmartivi01,14000000,120,440,39,64,108,20,0,11,31,52,235,74
2015MILramirar01,14000000,81,279,25,42,69,18,0,11,16,42,205,73
2015TEXchoosh01,14000000,149,555,94,82,153,32,3,22,76,147,205,71
2015TEXgallayo01,14000000,33,4,0,0,2,1,0,0,0,1,205,74
2015TORbautijo02,14000000,153,543,108,114,136,29,3,40,110,106,205,72
2015WASzimmery01,14000000,95,346,43,73,86,25,1,16,33,79,215,75
